SampleID,R,G,B,view,class
1,128.3870448,148.3850684,88.12592469,front,light green
2,91.39677824,114.322955,48.27724302,front,green
3,87.80459542,112.7741466,50.03438301,front,green
4,81.90137723,103.8866401,37.11075248,front,light green
5,94.31104094,120.1036043,56.23759803,front,green
6,76.52060775,102.5990039,41.98173278,front,light green
7,93.30277194,116.5986335,53.71591528,front,green
8,89.89826751,109.0272248,52.0591415,front,light green
9,86.83268978,113.4580058,49.6341167,front,light green
10,89.01021432,113.3094678,52.68679287,front,light green
11,95.5215001,118.8370836,64.08579095,front,light green
12,104.146886,126.7925875,68.25167171,front,light green
13,102.0076471,121.7738048,58.4964831,front,yellowish green
14,84.48708585,103.0333093,41.13798768,front,yellowish green
15,83.64027464,104.9323646,41.3341934,front,yellowish green
16,90.65693544,112.5823943,44.35574434,front,yellowish green
17,78.44771273,102.3413912,41.95626745,front,green
18,91.04564887,109.5821415,49.66479132,front,yellowish green
19,103.8034205,119.3928944,58.03871831,front,yellowish green
20,91.9056621,118.1885957,53.89534032,front,light green
21,84.10884977,110.8546806,51.07975497,front,green
22,105.786273,126.9607171,60.08110178,front,light green
23,93.1168218,115.7624309,52.74191286,front,light green
24,93.01906635,117.1690444,52.11987004,front,light green
25,101.8717506,118.3654905,60.55279777,front,yellowish green
26,75.11141336,98.31402403,35.69834436,front,yellowish green
27,94.31790619,117.4726802,53.66275525,front,light green
28,90.10119071,113.671188,53.8400447,front,green
29,95.29259521,118.1578858,49.71129315,front,green
30,93.11432376,120.5584197,57.26726842,front,green
31,91.43069705,112.4475952,57.52150588,front,green
32,90.565574,113.913192,54.93446886,front,yellowish green
33,76.30811609,94.93324459,38.28229697,front,yellowish green
34,81.7213559,108.9644849,45.35603105,front,light green
35,87.51387288,114.0647457,50.58334586,front,light green
36,95.59127426,116.4285889,62.09346179,front,yellowish green
37,102.4315962,121.4026782,64.58877828,front,light green
38,96.57393558,117.7315118,60.84301517,front,yellowish green
39,108.0812925,126.1668447,65.42710388,front,light green
40,103.5039389,122.4462808,61.39552973,front,light green
41,101.1358683,120.0098689,64.45828574,front,yellowish green
42,105.4814801,128.7390179,66.4901763,front,yellowish green
43,105.7283261,130.7974657,70.19595216,front,light green
44,90.74020798,108.9953849,51.43977944,front,green
45,90.8881514,113.2689045,57.37683549,front,green
46,92.22947664,113.9425922,57.74422199,front,light green
47,110.3786231,127.8955899,67.47851174,front,light green
48,77.8262948,101.0774395,44.23799868,front,green
49,98.0663484,120.381012,61.86881981,front,yellowish green
50,100.0942124,125.0261098,63.06170717,front,yellowish green
51,97.76458424,123.084212,65.89255534,front,yellowish green
52,97.61458229,118.9147457,64.86257242,front,yellowish green
53,90.99136005,112.2906267,56.05064367,front,yellowish green
54,87.3353178,103.8895847,51.34946096,front,yellowish green
55,89.48680927,111.3354173,49.01298046,front,green
56,64.5125352,85.10017119,34.50693026,front,green
57,64.21275333,87.47219414,31.06246978,front,light green
58,87.92452404,109.6720751,48.69920129,front,green
59,75.72942245,96.96606424,44.90303015,front,light green
60,87.16636014,113.0227888,48.22939308,front,yellowish green
61,79.51797318,96.0781655,43.81226759,front,light green
62,80.34276145,103.2689881,45.41669534,front,yellowish green
63,69.59915909,95.91425927,38.27651485,front,yellowish green
64,83.82072292,103.8257179,49.93841195,front,yellowish green
65,96.19968131,109.3740152,50.41393963,front,green
66,77.25489676,101.2843342,39.26241712,front,light green
67,58.17131336,83.30221774,29.04308756,front,green
68,102.6653189,124.3427818,67.51064681,front,light green
69,91.61178703,112.3462836,52.41402214,front,yellowish green
70,99.41104053,113.3026488,59.75743239,front,yellowish green
71,85.55113072,106.4956111,55.19105588,front,green
72,101.3846874,116.4195301,60.98439079,front,yellowish green
73,101.4501533,122.0600943,64.38278413,front,light green
74,79.77934002,97.37754207,45.72211259,front,green
75,107.3744382,127.7815722,74.39515951,front,light green
76,73.39122779,92.41934128,36.1414679,front,light green
77,81.48474759,100.0971127,48.53524621,front,light green
78,89.21903611,108.2816747,59.11225476,front,green
79,78.03467047,91.25234213,46.77618391,front,green
80,110.476609,124.5065299,69.33262862,front,yellowish green
81,82.53282429,105.7229885,50.49993626,front,light green
82,70.02419566,95.15523367,36.03861832,front,yellowish green
83,97.289111,118.8076844,59.60004122,front,light green
84,108.9820261,130.1229,68.01085694,front,green
85,89.9168754,108.6111899,56.79803543,front,light green
86,98.32689733,124.0353313,61.77596368,front,green
87,80.61539517,103.8223329,50.92253038,front,light green
88,84.67110055,107.0794087,51.69432442,front,light green
89,87.39947203,110.5703504,49.02745008,front,yellowish green
90,91.47475963,113.8889194,56.75640893,front,yellowish green
91,91.82471596,108.7038113,55.49591808,front,yellowish green
92,104.4058444,119.2789659,69.41050242,front,light green
93,109.5815967,132.9156924,75.62683831,front,yellowish green
94,90.68057677,110.9784853,60.14128061,front,green
95,88.15841896,110.2457257,57.05127764,front,green
96,69.56613909,93.80366735,42.76589599,front,green
97,85.98780787,108.1485164,54.3165169,front,light green
98,102.9235089,123.4654405,71.00492752,front,light green
99,104.9432703,129.8167587,74.1900659,front,yellowish green
100,85.15967913,106.7098788,51.47345697,front,yellowish green
101,89.6499903,110.4068428,64.27545724,front,light green
102,84.17984465,103.603092,47.55938807,front,yellowish green
103,95.65347052,119.779822,55.40414829,front,yellowish green
104,86.41643546,115.7355161,56.46701152,front,light green
105,102.1157439,124.4980839,69.51450773,front,green
106,90.50841314,110.6100692,51.55172586,front,yellowish green
107,94.49647341,115.4528235,53.58544411,front,light green
108,86.42246544,113.9083323,46.43732762,front,green
109,94.45449,116.1420329,67.03440256,front,light green
110,107.2624211,128.6690085,71.48787594,front,light green
111,95.35064031,114.6638584,61.86926679,front,green
112,112.2230078,134.4840397,75.93341042,front,light green
113,84.31973361,104.877166,47.40160675,front,green
114,81.88045395,101.0903633,39.86723441,front,yellowish green
115,101.2963018,119.7988512,68.50340541,front,light green
116,73.31822012,92.9240182,46.18803304,front,green
117,81.19160938,105.8597891,48.95117222,front,green
118,95.66831091,114.0579522,59.88967819,front,light green
119,99.77809763,112.1688737,50.5868004,front,yellowish green
120,66.59258049,90.80582092,38.69157171,front,light green
121,77.80705355,97.84620265,44.67954842,front,green
122,84.23218661,99.96613945,48.26183051,front,light green
123,89.68833906,108.93027,47.24189774,front,light green
124,101.1214251,125.3145255,61.82811736,front,light green
125,114.5649631,132.7461605,81.26285859,front,yellowish green
126,86.72335677,110.148114,51.70342317,front,light green
127,56.63376841,74.60303285,27.0987202,front,green
128,73.34149864,86.83747153,43.69305116,front,green
129,73.39896907,88.17342784,39.15698454,front,green
130,62.34912746,80.30974145,29.53821791,front,light green
131,104.5129803,118.1827437,60.31400317,front,light green
132,82.57374977,106.771138,42.59995787,front,green
133,84.98916269,103.8324674,46.52357604,front,green
134,98.42774636,114.8161434,63.13688323,front,light green
135,85.51668164,106.2004012,52.33349742,front,light green
136,96.99401915,114.2070647,58.68644996,front,yellowish green
137,89.61852331,105.7604655,47.64960897,front,green
138,92.07985399,114.6177947,55.33228934,front,light green
139,67.46924546,89.54857557,30.85932816,front,yellowish green
140,77.28757099,103.5018442,46.40075718,front,green
141,59.90459859,83.61192391,33.22849372,front,green
142,74.06756873,97.67028867,46.65842546,front,green
143,88.86298057,109.4675589,39.93587981,front,yellowish green
144,96.29691387,116.4793053,57.24096142,front,green
145,73.57061543,96.15238712,35.69238852,front,green
146,95.41509729,112.270803,53.18984128,front,light green
147,85.99864795,102.718759,55.40521259,front,light green
148,77.84461604,102.4706108,43.73990462,front,light green
149,108.1050631,129.7786851,63.52823459,front,light green
150,44.83168959,65.72579599,16.91594717,front,yellowish green
151,71.45750294,89.87678415,40.7849594,front,light green
152,66.13434981,85.77573675,34.95774415,front,light green
153,68.50647374,91.33729129,37.48421626,front,green
154,81.04817346,92.43977499,46.0325735,front,green
155,83.10915816,95.0522702,34.17141337,front,yellowish green
156,78.42084954,97.90533686,45.14971215,front,light green
157,81.97609744,103.1206041,55.94057803,front,light green
158,82.70468124,99.38618317,43.95829237,front,green
159,98.41153977,118.2276506,61.03227473,front,yellowish green
160,93.68590615,115.3342809,53.83728835,front,yellowish green
161,70.75202739,96.41249713,34.70736745,front,yellowish green
162,81.43841856,106.5187905,47.51327293,front,yellowish green
163,92.40009457,110.7193014,53.15215592,front,yellowish green
164,66.35367628,93.88148943,31.65716521,front,green
165,100.0378994,121.2576554,69.43398563,front,light green
166,102.2499635,123.8087083,68.77285332,front,yellowish green
167,73.97731439,97.59818973,48.07349908,front,light green
168,78.9208525,97.6610046,51.74748395,front,green
169,102.1617779,120.3683415,58.17763178,front,yellowish green
170,77.50412921,100.7984726,43.12267047,front,green
171,76.02451252,94.65868061,47.99691484,front,light green
172,78.0874962,102.2714447,45.41672101,front,green
173,71.23642934,93.18389974,30.4703829,front,yellowish green
174,78.51978659,101.4882938,44.51087745,front,yellowish green
175,103.7529688,127.4314863,62.59642838,front,light green
176,106.1224783,127.2938773,71.86747277,front,yellowish green
177,46.32627809,62.8968192,17.88904542,front,light green
178,74.40079878,95.23023825,51.63057531,front,green
179,83.96668821,104.2042603,52.31373248,front,yellowish green
180,87.20746086,99.87646018,51.0094486,front,green
181,105.1548928,124.1771856,67.62329062,front,yellowish green
182,63.47582219,78.96798356,27.09340162,front,yellowish green
183,72.2811215,92.6636563,41.37191983,front,green
184,71.54404119,97.15894666,41.82371708,front,light green
185,95.46129891,117.5036296,54.95777673,front,green
186,105.3018658,125.4915482,64.07411453,front,yellowish green
187,69.38560397,91.4385273,34.46949807,front,yellowish green
188,109.8222533,125.4587503,71.5664097,front,yellowish green
189,115.7170447,125.9892888,72.9441717,front,yellowish green
190,89.42440701,108.4496411,54.45919303,front,yellowish green
191,80.98371316,102.5771701,47.92982883,front,light green
192,90.95324318,109.9693289,56.73171087,front,green
193,102.4699483,109.932735,41.74444747,front,yellowish green
194,77.19706869,87.1768203,26.17364177,front,yellowish green
1,117.738151,131.1295852,63.19878397,left,light green
2,53.584092,70.16262045,20.95048714,left,green
3,66.9682565,89.94329073,28.07195345,left,green
4,74.50905258,99.83996209,38.66454786,left,light green
5,98.95133692,122.8773841,51.59296861,left,green
6,82.0080774,103.7791566,41.65628844,left,light green
7,64.78723691,86.72885734,28.06713987,left,green
8,74.62627942,93.2088654,34.92684762,left,light green
9,86.95390044,112.551955,41.18037383,left,light green
10,83.23626384,102.9287633,35.81531801,left,light green
11,86.91226543,112.5055136,50.56690527,left,light green
12,97.03735046,113.551429,51.810632,left,light green
13,97.28947966,122.5833472,63.44481094,left,yellowish green
14,76.09180368,101.2863021,45.869062,left,yellowish green
15,83.32048979,103.5376712,41.21017054,left,yellowish green
16,84.46873068,106.7906784,46.51491496,left,yellowish green
17,68.68170292,90.76393968,29.11845723,left,green
18,86.24722399,106.1467395,40.80490134,left,yellowish green
19,81.09930334,100.6752254,43.79612759,left,yellowish green
20,85.26614928,108.2845225,47.57501809,left,light green
21,72.47029043,97.28438444,42.79170636,left,green
22,92.6560433,111.8687775,42.90782806,left,light green
23,81.48485174,102.723965,35.7967519,left,light green
24,84.65662064,106.8660365,44.9079032,left,light green
25,96.09028897,116.4110546,44.1464302,left,yellowish green
26,97.92331588,113.1715186,50.11544777,left,yellowish green
27,69.83417595,98.21602611,35.92526335,left,light green
28,93.18276903,119.5232021,63.7003732,left,green
29,71.47547448,96.42156691,28.95057987,left,green
30,76.83076245,97.79972024,36.44244735,left,green
31,61.22405645,83.72591388,29.63161365,left,green
32,81.53815442,103.8378976,47.17501734,left,yellowish green
33,69.75594728,92.84932015,34.60684256,left,yellowish green
34,64.11844313,91.53022335,29.39223447,left,light green
35,87.45272211,114.0892452,50.78548764,left,light green
36,93.2585759,115.4319726,54.79441338,left,yellowish green
37,89.55265556,109.3762258,49.8457216,left,light green
38,96.48169921,117.6195675,60.9908671,left,yellowish green
39,76.67621307,96.28083479,40.00735637,left,light green
40,72.7914919,96.28140404,37.14491933,left,light green
41,111.3769967,120.7497709,61.65703556,left,yellowish green
42,93.2668966,118.3841221,57.58097975,left,yellowish green
43,113.0825991,130.4846596,70.0799392,left,light green
44,76.91958504,96.08039801,38.42004272,left,green
45,89.75381243,107.8565544,46.64961545,left,green
46,78.10552562,103.059869,47.23437825,left,light green
47,108.8538593,124.8988812,61.55562313,left,light green
48,85.19075074,109.8977721,51.18888739,left,green
49,96.09077204,112.7287276,56.43291392,left,yellowish green
50,76.41939928,102.8727439,43.15656861,left,yellowish green
51,117.1660641,137.5473838,78.79600397,left,yellowish green
52,93.24695888,112.3431438,61.99744874,left,yellowish green
53,66.19088035,92.02889105,32.48869163,left,yellowish green
54,81.03075897,102.3157625,44.40670576,left,yellowish green
55,64.99960586,87.11748898,30.10018274,left,green
56,51.57216837,72.9148231,29.54142845,left,green
57,64.47773755,81.04259721,31.98838685,left,light green
58,72.91481309,94.31256225,33.42437421,left,green
59,65.13556642,90.82011238,35.55861247,left,light green
60,83.5556389,108.464188,44.48354856,left,yellowish green
61,58.65727022,78.64630042,28.12726716,left,light green
62,60.48245472,82.89137102,30.71078542,left,yellowish green
63,73.83796545,93.20278463,44.80040777,left,yellowish green
64,69.89386891,91.65040809,37.85097078,left,yellowish green
65,61.31807659,77.84648374,22.33291586,left,green
66,77.47823689,93.61888832,39.87052423,left,light green
67,67.42031477,88.36811709,30.98452586,left,green
68,82.26191258,103.3860862,47.97204095,left,light green
69,111.5441228,122.0299145,68.07498458,left,yellowish green
70,109.992194,119.8536926,64.05263544,left,yellowish green
71,96.26764889,116.065199,57.2799349,left,green
72,121.2123744,133.703229,71.92082116,left,yellowish green
73,92.52382409,113.6279414,51.23404716,left,light green
74,59.18384139,79.40365175,29.50933835,left,green
75,89.79169572,111.2324439,62.98747898,left,light green
76,82.98152824,99.30853256,42.03552659,left,light green
77,90.18308921,112.8837383,56.13393808,left,light green
78,59.97463732,80.46252093,30.87163294,left,green
79,69.23716177,91.33596846,35.38946376,left,green
80,120.7459347,138.0068023,76.39172382,left,yellowish green
81,77.93359452,102.106575,42.67126545,left,light green
82,89.40986802,111.5735924,53.3973512,left,yellowish green
83,84.86603904,108.2413111,45.97039617,left,light green
84,93.54936638,113.1576254,54.62778469,left,green
85,82.67107796,100.7307432,45.32116902,left,light green
86,73.86005609,99.38557283,41.96937645,left,green
87,89.1854169,109.6920581,52.89063359,left,light green
88,72.51311254,98.41329377,43.09653175,left,light green
89,74.54295513,96.92040858,45.87476001,left,yellowish green
90,83.09753222,107.4788652,49.15848177,left,yellowish green
91,116.482128,130.9114435,70.37005488,left,yellowish green
92,88.18287712,113.4623623,53.39767281,left,light green
93,90.70146375,110.430419,56.35281917,left,yellowish green
94,93.33268536,113.2003153,58.00090308,left,green
95,69.18111892,93.10995518,40.95993581,left,green
96,63.92520711,87.72000429,40.61987573,left,green
97,77.2575305,101.3261857,47.74655452,left,light green
98,86.1291077,110.1198233,57.42550025,left,light green
99,95.9192974,116.9384883,60.65999107,left,yellowish green
100,76.39062055,100.1740956,44.05841167,left,yellowish green
101,74.59247734,98.51143532,40.39691204,left,light green
102,113.159557,123.7619885,67.42232831,left,yellowish green
103,114.4681745,134.3693992,74.54696049,left,yellowish green
104,85.13556809,112.4881183,53.12165428,left,light green
105,93.5908737,114.891119,59.11460442,left,green
106,83.65752227,102.6561457,50.01556275,left,yellowish green
107,84.36503155,108.1023379,45.06251793,left,light green
108,75.62393727,101.1152506,41.27066061,left,green
109,89.77422667,112.7923654,51.60712123,left,light green
110,93.99931109,112.1788011,58.44073,left,light green
111,54.16794598,78.44024485,26.62070054,left,green
112,86.86959468,107.7212457,52.45024212,left,light green
113,56.82021936,77.5076174,26.28105313,left,green
114,110.5207023,118.9152465,55.58609745,left,yellowish green
115,92.11174642,104.3545298,50.88084268,left,light green
116,61.12483346,80.18042715,28.72578627,left,green
117,47.47007938,69.03494475,23.41522272,left,green
118,66.179228,86.75698612,30.71933371,left,light green
119,51.09356936,67.06260322,19.33154418,left,yellowish green
120,53.98508778,79.66735749,30.68031635,left,light green
121,68.14327081,91.43586308,35.24898435,left,green
122,83.45557859,97.21348447,48.21580735,left,light green
123,74.25513508,92.03941327,31.63737857,left,light green
124,87.78217012,109.0821974,40.7797619,left,light green
125,86.3166632,106.3679495,56.51072741,left,yellowish green
126,61.4544351,83.33747696,30.44656746,left,light green
127,44.5837069,64.16818783,20.67933047,left,green
128,45.99909249,59.77448385,22.04121606,left,green
129,50.05990783,70.38177529,17.24506254,left,green
130,77.16863292,94.61209848,39.01336764,left,light green
131,89.40931913,101.4782617,39.91647014,left,light green
132,67.77647204,88.69381494,34.09579416,left,green
133,55.17062069,74.47844992,22.325171,left,green
134,90.35158268,102.8551819,53.43900996,left,light green
135,59.00614041,80.8469495,30.90199974,left,light green
136,91.0616151,108.0110448,55.78057813,left,yellowish green
137,66.99637014,82.95144374,26.75521223,left,green
138,87.92128227,105.367681,46.0478026,left,light green
139,54.52231602,77.10756738,27.56696699,left,yellowish green
140,42.5658531,66.3008577,21.424102,left,green
141,69.4809105,94.65593409,33.04055466,left,green
142,49.02581487,71.30440197,24.15056038,left,green
143,84.60409565,102.0040957,43.33571145,left,yellowish green
144,65.37611505,85.72956434,32.56876221,left,green
145,56.37399683,77.20666539,24.72413379,left,green
146,62.22686535,82.13304645,36.95373071,left,light green
147,85.24285121,103.2117757,50.65378022,left,light green
148,65.42781629,85.77421291,30.09477985,left,light green
149,101.8342332,121.7686489,64.34462702,left,light green
150,39.7345887,62.55797466,15.97340105,left,yellowish green
151,48.56812715,64.7876925,24.66410346,left,light green
152,51.07746458,67.86160621,19.29224456,left,light green
153,48.44640906,70.64425071,23.40143593,left,green
154,59.6428368,73.98851229,25.23760246,left,green
155,86.62172797,98.22354149,31.73964072,left,yellowish green
156,75.21735231,95.90520495,46.24003288,left,light green
157,55.13222876,75.3071197,28.35114259,left,light green
158,67.48396202,82.2865281,28.35658199,left,green
159,109.7978475,117.3007175,66.54754185,left,yellowish green
160,86.99916899,106.9552254,48.87807472,left,yellowish green
161,64.66148744,87.87107832,34.12694687,left,yellowish green
162,108.911821,119.1572622,68.59646572,left,yellowish green
163,97.66654119,103.4822542,46.71821897,left,yellowish green
164,70.22457866,95.6370454,38.63024487,left,green
165,79.72028986,99.66376812,52.3798419,left,light green
166,88.37902834,107.5204858,62.19149798,left,yellowish green
167,49.82527816,71.91710277,25.34772857,left,light green
168,59.13042624,81.42668434,31.43473777,left,green
169,84.58744361,102.2426976,41.77453228,left,yellowish green
170,61.9424999,86.14081735,35.41704936,left,green
171,66.59060903,87.50279493,40.38415673,left,light green
172,75.39788382,97.38036346,44.2508159,left,green
173,73.02939374,88.96776903,31.8519645,left,yellowish green
174,76.76070618,98.417872,46.41598128,left,yellowish green
175,77.85059757,97.60000864,41.04456355,left,light green
176,78.49885323,99.5769826,49.45329952,left,yellowish green
177,58.94289068,71.29286321,31.98841332,left,light green
178,59.723511,72.55177396,28.38954888,left,green
179,71.78477782,88.61820205,39.48240658,left,yellowish green
180,42.71541287,57.4516156,15.36528346,left,green
181,93.81572395,103.2981039,47.09853805,left,yellowish green
182,75.24640359,88.57814438,37.75116801,left,yellowish green
183,64.27957441,84.22063559,35.01249475,left,green
184,80.63364313,102.2338816,50.46134008,left,light green
185,80.76121587,100.0583087,42.31103503,left,green
186,57.9201543,80.37082784,24.76366071,left,yellowish green
187,92.57960226,110.4571686,55.47943707,left,yellowish green
188,50.85991865,65.12277289,20.68690039,left,yellowish green
189,87.6642911,97.72373606,42.01613985,left,yellowish green
190,88.83064444,99.55512234,46.84955633,left,yellowish green
191,70.49212832,93.05262033,40.72770878,left,light green
192,50.36317805,61.36691066,19.89975278,left,green
193,112.1510582,127.8472366,57.11217359,left,yellowish green
194,114.8571994,115.5818829,41.84216772,left,yellowish green
1,92.76543106,117.8951096,56.28656999,right,light green
2,83.56575848,100.7688475,39.16369586,right,green
3,81.02373657,105.677573,36.3236862,right,green
4,115.1844438,130.870055,64.96625716,right,light green
5,82.76536056,108.5473187,43.27520468,right,green
6,97.65147742,113.3473461,44.69700594,right,light green
7,54.41111087,78.36737614,21.56932186,right,green
8,74.96084195,93.49008202,36.97120187,right,light green
9,67.99622985,94.79175445,37.75028276,right,light green
10,73.16125896,97.39934661,36.32951394,right,light green
11,84.40927382,105.2211079,41.21702145,right,light green
12,78.33193489,104.7740225,42.99773452,right,light green
13,87.1359387,114.1916092,54.24135377,right,yellowish green
14,95.61870361,116.8743394,55.16611578,right,yellowish green
15,101.7752217,117.052122,51.14095904,right,yellowish green
16,89.83661254,108.1382364,43.92156344,right,yellowish green
17,50.66810715,74.972243,18.96501288,right,green
18,70.47523824,92.16841836,29.08924041,right,yellowish green
19,64.03316283,89.21369179,31.59860367,right,yellowish green
20,76.67706856,99.46499493,42.05567376,right,light green
21,74.90699708,100.5256399,38.44238944,right,green
22,80.88285547,104.5696167,39.50729959,right,light green
23,69.28323455,95.01456025,32.85719545,right,light green
24,90.96232486,109.3964308,43.741886,right,light green
25,97.62999623,116.1121883,44.11114336,right,yellowish green
26,61.06315789,85.28508227,28.16981584,right,yellowish green
27,84.07375286,108.1007799,47.84005647,right,light green
28,77.59288457,106.320428,44.74698901,right,green
29,57.66015605,82.66803509,21.55660666,right,green
30,72.56255206,96.57433263,34.50039665,right,green
31,61.49980593,84.90544702,30.97057834,right,green
32,72.54313725,92.45372077,36.53271911,right,yellowish green
33,61.82765358,86.8146701,29.10520328,right,yellowish green
34,65.57872782,91.5743798,31.01514081,right,light green
35,77.02765867,107.2925803,40.48769484,right,light green
36,104.7548933,120.5315364,66.51487342,right,yellowish green
37,76.00318398,99.85617097,44.13267363,right,light green
38,115.4637232,128.7285523,70.81786193,right,yellowish green
39,75.58353212,93.35709877,40.08952908,right,light green
40,72.3488545,96.51118286,37.76959495,right,light green
41,86.7681784,107.5883571,52.74515994,right,yellowish green
42,108.8688897,128.6189239,66.38648256,right,yellowish green
43,89.23979287,113.9088362,55.32039538,right,light green
44,72.73583989,94.6838899,38.13222955,right,green
45,76.667939,100.811336,42.65575909,right,green
46,74.15800638,98.04266621,41.43031819,right,light green
47,76.8499322,96.40908475,40.98945763,right,light green
48,91.42099446,112.2433272,52.29566399,right,green
49,84.47933231,106.6730436,52.61393416,right,yellowish green
50,93.11745172,114.6837863,50.26098591,right,yellowish green
51,79.75391822,107.8483909,49.07792909,right,yellowish green
52,118.5405706,132.6698364,78.87984676,right,yellowish green
53,89.66842855,110.8062065,47.71878678,right,yellowish green
54,98.54972198,116.2063309,57.74055675,right,yellowish green
55,55.30850435,76.97006165,24.30960223,right,green
56,54.40512696,75.4680532,25.36778718,right,green
57,65.0878702,86.99048519,36.14971645,right,light green
58,65.68100371,88.0511304,31.31980122,right,green
59,68.00942417,91.07484703,37.96448864,right,light green
60,56.19648434,81.75415273,27.72540836,right,yellowish green
61,80.3015416,96.97390804,37.01989014,right,light green
62,89.71453099,109.1817612,49.13173969,right,yellowish green
63,100.6392447,114.2952158,59.02956712,right,yellowish green
64,66.94560221,87.20190009,31.9237818,right,yellowish green
65,65.26716543,82.328567,27.4391518,right,green
66,96.27132851,114.7635759,56.92629704,right,light green
67,55.48352962,78.81174179,24.63167449,right,green
68,81.61091405,105.0087036,48.879709,right,light green
69,98.64738554,118.6058185,62.20401859,right,yellowish green
70,101.1569778,117.2349272,61.7247296,right,yellowish green
71,89.01585542,110.4233811,57.71748771,right,green
72,113.1351384,126.0266708,68.41781066,right,yellowish green
73,85.60557193,106.5904583,43.91801424,right,light green
74,71.12028407,90.64926764,38.29060512,right,green
75,93.83540351,113.6415485,65.99649795,right,light green
76,78.75334807,99.54236554,44.40400035,right,light green
77,74.47052966,97.03231686,45.20113485,right,light green
78,67.6251414,89.59428626,34.86322174,right,green
79,73.5261434,95.41497074,41.16748152,right,green
80,104.0600732,123.1726415,63.49384135,right,yellowish green
81,97.00699968,118.77916,58.81818326,right,light green
82,88.73684451,110.180207,50.4476295,right,yellowish green
83,71.11741534,92.2689305,34.85541397,right,light green
84,68.69929562,90.63741498,34.45901871,right,green
85,77.65870338,97.80892574,41.14150669,right,light green
86,61.70158571,87.71053017,35.05364587,right,green
87,67.85790631,92.49642812,38.78299675,right,light green
88,82.09165134,102.8912748,47.87163996,right,light green
89,105.7154218,125.0589114,70.30016301,right,yellowish green
90,87.27799131,111.305461,55.02376732,right,yellowish green
91,91.62759677,108.2484284,52.15424259,right,yellowish green
92,90.48999461,110.8883233,51.78852313,right,light green
93,101.653433,119.669034,66.91767523,right,yellowish green
94,76.15834969,99.44117092,46.01453269,right,green
95,65.23500875,89.50951071,39.43259148,right,green
96,72.98303999,95.30650591,47.05894837,right,green
97,72.32916434,94.84943883,43.4728302,right,light green
98,54.66219154,80.67571922,35.15941695,right,light green
99,96.56872934,116.8734894,65.08679096,right,yellowish green
100,99.24476738,119.208478,62.79396885,right,yellowish green
101,67.24376879,95.34497127,37.81606987,right,light green
102,68.44352528,88.52086149,35.87411012,right,yellowish green
103,103.585859,124.2995586,66.27669931,right,yellowish green
104,69.9481795,99.2363623,40.51494329,right,light green
105,60.38754854,84.81555786,34.21993269,right,green
106,95.13571006,115.8957783,56.33219093,right,yellowish green
107,81.6586693,104.8614395,43.26120867,right,light green
108,66.17826055,89.68586788,30.17288487,right,green
109,71.02219169,94.71291974,41.12347538,right,light green
110,84.35164885,105.2915136,54.9567206,right,light green
111,44.97294469,65.81978516,16.12000985,right,green
112,83.37933862,102.1960859,48.74129306,right,light green
113,56.99386374,77.91807527,29.46666031,right,green
114,76.73310255,89.74082929,31.36805263,right,yellowish green
115,58.96684247,78.30673621,34.69334135,right,light green
116,62.42737693,82.1907435,31.97240323,right,green
117,57.03518471,82.17798237,29.44750052,right,green
118,65.85686669,84.80374403,31.27516077,right,light green
119,70.72151203,84.5626575,28.2715693,right,yellowish green
120,59.97939026,84.71935439,36.91212581,right,light green
121,59.54845646,82.66272028,31.19162609,right,green
122,59.9409548,77.08965438,30.1478673,right,light green
123,78.20810024,99.52827336,43.12278878,right,light green
124,86.50574409,106.5061138,42.47154364,right,light green
125,84.78971922,101.5062888,55.46120624,right,yellowish green
126,52.00932265,73.89487046,26.5480179,right,light green
127,52.23875894,66.45169817,22.2943768,right,green
128,49.59344302,66.48182969,20.28771169,right,green
129,69.24478096,85.23445105,28.59497025,right,green
130,103.2331135,119.9168229,58.35687508,right,light green
131,78.91809272,91.33579652,29.62357395,right,light green
132,74.93666481,94.51695141,35.82891526,right,green
133,56.40430072,75.25417409,25.15835756,right,green
134,79.17290882,95.54663054,51.55472037,right,light green
135,77.41744707,97.86634772,45.14195556,right,light green
136,91.15645677,105.1095618,47.23240947,right,yellowish green
137,75.19795339,91.57445455,37.94868906,right,green
138,93.29409165,109.2273903,51.6638284,right,light green
139,83.70114943,100.2253385,43.22124469,right,yellowish green
140,53.47808405,75.58091392,28.03702553,right,green
141,76.09559139,98.13791859,39.94522494,right,green
142,41.46206944,61.78877024,19.02501679,right,green
143,83.17767288,98.46858893,33.7100791,right,yellowish green
144,50.40148354,66.90165739,23.65015067,right,green
145,58.20584896,80.88846277,29.49906802,right,green
146,69.39356413,90.56928514,38.48207601,right,light green
147,73.50593192,89.35547178,41.67346712,right,light green
148,71.52228009,94.85630787,39.84577546,right,light green
149,74.75313061,94.98724493,40.00929169,right,light green
150,29.30884769,50.49731675,9.032386764,right,yellowish green
151,77.03664921,97.56067616,38.00622996,right,light green
152,47.89431872,68.33460513,22.16855694,right,light green
153,68.88209249,91.65787116,37.84715788,right,green
154,61.97869759,77.12839674,29.42279697,right,green
155,90.41341664,103.7574467,47.4101035,right,yellowish green
156,58.09522741,78.53109146,32.03452611,right,light green
157,67.28028072,88.4356596,39.05015705,right,light green
158,51.27492164,67.7871535,18.40513697,right,green
159,93.17325965,114.5238418,59.10565518,right,yellowish green
160,88.47874161,106.9369159,52.45761485,right,yellowish green
161,70.11904383,94.91725738,32.22880575,right,yellowish green
162,95.1641743,117.9310644,64.16330703,right,yellowish green
163,76.07065098,92.41935563,39.84805636,right,yellowish green
164,72.34925913,96.15415924,43.9458647,right,green
165,64.94424696,87.92114125,42.12623948,right,light green
166,87.36315789,106.0807229,50.11918199,right,yellowish green
167,74.46723145,92.82865735,35.02710236,right,light green
168,66.46820082,86.77959615,37.61412961,right,green
169,100.7638496,117.3212345,63.26869656,right,yellowish green
170,72.59869744,89.35142932,40.30924906,right,green
171,71.75992485,85.49521589,41.20670819,right,light green
172,56.23039481,75.37422454,28.52807559,right,green
173,70.76411723,88.7294099,35.63632754,right,yellowish green
174,69.9928103,84.54815517,35.22741039,right,yellowish green
175,55.72394623,74.4344501,26.22340206,right,light green
176,104.1480663,113.6101645,61.28449305,right,yellowish green
177,86.78260508,103.0936298,52.54624295,right,light green
178,74.3540682,93.58794396,46.45374275,right,green
179,65.90426589,80.69077285,31.48511339,right,yellowish green
180,43.39940153,54.7598519,18.38464269,right,green
181,69.9764773,87.41551449,34.55270363,right,yellowish green
182,77.53115488,84.35297205,30.01892733,right,yellowish green
183,67.46407412,88.90321572,38.60586861,right,green
184,80.03380369,101.1391172,47.11355766,right,light green
185,70.28417582,85.32038462,42.4960989,right,green
186,94.46907878,109.7939441,57.00670031,right,yellowish green
187,97.15728806,116.3408007,60.00179275,right,yellowish green
188,101.558605,108.6608045,52.82289706,right,yellowish green
189,104.0871598,112.8763165,57.79821383,right,yellowish green
190,77.57298935,93.63721913,42.93090498,right,yellowish green
191,66.57078072,88.27425307,33.06157745,right,light green
192,60.09113767,77.27770715,26.60092663,right,green
193,93.09327459,104.8964292,38.33841248,right,yellowish green
194,78.58074299,85.48277314,38.18178755,right,yellowish green
1,103.1994386,125.4663369,63.7960344,back,light green
2,68.74232368,83.50108186,32.49456641,back,green
3,80.00108877,101.9187995,37.20610976,back,green
4,102.3530246,120.0997708,50.6227815,back,light green
5,76.89436682,104.7321651,38.52294121,back,green
6,94.14047634,111.346911,45.77085941,back,light green
7,61.43045629,85.39962164,28.665233,back,green
8,76.76386531,95.42442273,34.0625649,back,light green
9,55.11198002,75.63323914,25.87603776,back,light green
10,85.61523495,108.2033921,40.55579261,back,light green
11,90.53182088,111.485158,49.71348892,back,light green
12,84.27178161,106.1065287,43.05443529,back,light green
13,81.83174135,108.4866913,49.75874145,back,yellowish green
14,83.55748595,107.8574732,48.74293562,back,yellowish green
15,103.0060056,117.5729652,51.4529873,back,yellowish green
16,78.89606654,102.9141585,42.59596152,back,yellowish green
17,62.41145597,84.60995245,28.15723841,back,green
18,83.57439351,101.8471842,40.80909302,back,yellowish green
19,70.94670644,95.41384113,36.76458257,back,yellowish green
20,87.76007814,106.6085567,47.72721745,back,light green
21,74.90604898,100.3986005,41.1579036,back,green
22,78.4643432,101.4114476,36.47969154,back,light green
23,80.70558174,106.0860566,41.31620848,back,light green
24,88.77492761,109.4345319,45.07274373,back,light green
25,107.2821121,122.0105926,51.98122225,back,yellowish green
26,68.53407568,86.71212973,36.74780541,back,yellowish green
27,67.44171747,88.74021283,32.55493499,back,light green
28,64.2119981,92.36624962,36.23391018,back,green
29,62.83131304,89.07855039,29.57250736,back,green
30,81.29297,100.3112007,36.3081942,back,green
31,60.95521186,84.02718745,31.35553392,back,green
32,83.993949,103.3638943,42.38400868,back,yellowish green
33,79.77403964,102.1686261,41.99801777,back,yellowish green
34,77.82648875,99.92364083,36.3876605,back,light green
35,111.6018095,134.5872797,58.90575811,back,light green
36,104.8678198,125.8690036,63.03979022,back,yellowish green
37,74.95117702,97.86335109,40.69597497,back,light green
38,107.1720719,122.2597825,64.68934872,back,yellowish green
39,78.05098314,105.9395571,47.19061876,back,light green
40,71.51242184,95.12029569,40.17035848,back,light green
41,111.0754147,122.8623545,62.69690517,back,yellowish green
42,90.26774582,115.6099797,52.44651719,back,yellowish green
43,103.9403482,124.2360775,60.21279668,back,light green
44,72.08787545,94.0371506,35.99325752,back,green
45,85.82002005,107.1532548,47.01578568,back,green
46,75.97933256,102.2007937,42.91281171,back,light green
47,85.2015839,104.1895641,45.71492168,back,light green
48,90.01331137,115.0515862,51.7930979,back,green
49,107.9519703,122.962804,64.62352712,back,yellowish green
50,63.06430722,85.93646756,27.61700728,back,yellowish green
51,94.92933662,116.4043297,52.20679321,back,yellowish green
52,101.4221256,119.3491076,61.72615902,back,yellowish green
53,83.12080585,104.693856,46.93911442,back,yellowish green
54,84.38704474,106.6324674,50.58928319,back,yellowish green
55,54.24648758,75.32052939,24.36711813,back,green
56,61.74220736,83.595905,30.08306804,back,green
57,72.97944494,91.94283341,36.16017256,back,light green
58,58.30316131,79.14032238,26.14582032,back,green
59,68.7930429,92.48480224,40.8585375,back,light green
60,78.44104217,104.674277,40.46960337,back,yellowish green
61,57.38720617,74.33051834,25.46939522,back,light green
62,78.72960304,98.54662869,40.33440139,back,yellowish green
63,100.6334041,113.8601616,58.72400325,back,yellowish green
64,62.93005175,82.02009869,30.73939102,back,yellowish green
65,56.49481841,73.14422338,25.99080538,back,green
66,96.79528747,112.0122587,53.14357182,back,light green
67,78.97857671,99.75557375,38.53397084,back,green
68,74.89888519,97.15776526,43.04634132,back,light green
69,110.1193313,123.8377146,63.89678452,back,yellowish green
70,106.3604993,118.3114783,56.09764755,back,yellowish green
71,98.2518257,116.0915266,59.96566074,back,green
72,118.1566972,133.2405517,71.95702186,back,yellowish green
73,90.30133169,109.2271432,45.35220308,back,light green
74,61.20830594,79.12972193,31.74278321,back,green
75,82.93431245,102.6763428,49.16768924,back,light green
76,75.14955848,92.16158119,36.67872393,back,light green
77,69.08390387,91.93493548,34.35762306,back,light green
78,66.42177897,87.43041402,36.65259129,back,green
79,54.69261034,74.49829383,28.70038599,back,green
80,105.5338676,125.1102119,68.78789001,back,yellowish green
81,91.48209265,117.1435508,54.57591159,back,light green
82,114.3736909,132.6185118,71.19337232,back,yellowish green
83,83.80268369,107.9722903,44.0851876,back,light green
84,85.0483607,107.150377,49.57286345,back,green
85,90.23490966,109.1105756,52.65871088,back,light green
86,67.25856592,93.44153149,38.15207601,back,green
87,94.70359856,114.7791327,55.99732205,back,light green
88,77.18171561,102.1280992,46.51748139,back,light green
89,104.4075248,125.1244313,70.47884503,back,yellowish green
90,93.96211025,117.1387176,56.78629293,back,yellowish green
91,116.4363297,130.0872413,65.59985833,back,yellowish green
92,93.19788973,114.7264681,59.22972931,back,light green
93,116.5530578,131.4045508,76.08344031,back,yellowish green
94,89.61354654,112.6821421,57.31845444,back,green
95,72.33077907,97.26541344,45.99218256,back,green
96,86.07725679,109.6119631,58.3120791,back,green
97,88.53218274,109.7967005,55.60718806,back,light green
98,76.13936571,99.56930476,44.2028705,back,light green
99,104.4429463,125.4886701,68.61891245,back,yellowish green
100,87.05787759,110.9412048,50.77463755,back,yellowish green
101,71.20997299,97.60345939,42.39340966,back,light green
102,101.6865271,117.6151068,61.13200758,back,yellowish green
103,136.6241005,155.3797068,98.83741159,back,yellowish green
104,98.98743254,125.9773475,60.31817628,back,light green
105,75.71128113,98.73573672,46.27166099,back,green
106,87.01398616,108.4793457,48.00242385,back,yellowish green
107,73.37195953,94.46090123,38.92601395,back,light green
108,79.72353057,105.4712909,43.03635356,back,green
109,82.6129608,106.8040701,43.25642333,back,light green
110,91.34811333,113.5774758,61.87284841,back,light green
111,59.69206966,81.40504538,29.90965867,back,green
112,97.28451312,116.2827898,54.97396129,back,light green
113,59.443984,81.61814766,30.61674243,back,green
114,100.9173791,114.0705713,50.66896796,back,yellowish green
115,70.84670644,87.96026374,39.92144427,back,light green
116,42.33031851,59.26938356,22.50106406,back,green
117,60.88576619,81.27600507,29.76083902,back,green
118,72.90605741,92.19944077,35.80077323,back,light green
119,57.94985116,72.94675293,24.53259219,back,yellowish green
120,61.049427,81.7836764,31.1812262,back,light green
121,66.24456455,86.59199467,36.10386579,back,green
122,60.56113436,79.79316597,32.59637378,back,light green
123,78.04299027,99.46395156,43.295518,back,light green
124,83.10792859,103.0380553,38.41535172,back,light green
125,93.85572439,111.2702222,60.87385287,back,yellowish green
126,63.71070138,85.46273114,33.73571171,back,light green
127,42.60156272,58.51541789,23.83337519,back,green
128,63.02587565,78.71684205,26.73921,back,green
129,60.15176961,78.03017551,26.92004266,back,green
130,92.83221191,113.6970369,52.23106148,back,light green
131,79.75322728,96.46696114,42.15254596,back,light green
132,76.00242434,95.16412368,40.33109499,back,green
133,72.36083518,91.9140057,36.46865429,back,green
134,75.17790665,91.65363224,49.24081536,back,light green
135,76.24919764,95.73046439,45.07848754,back,light green
136,91.64741006,107.3095138,54.25873112,back,yellowish green
137,75.17672457,90.84693956,38.50881746,back,green
138,93.31418582,112.6303879,51.2497721,back,light green
139,89.3775577,107.6302741,48.32691819,back,yellowish green
140,58.0564153,79.35524325,32.7500957,back,green
141,58.60681862,78.46528978,24.0326394,back,green
142,43.90749859,64.96339517,20.43284992,back,green
143,92.82807225,108.5130486,44.76936192,back,yellowish green
144,60.71395419,79.85555262,25.55533753,back,green
145,65.50667249,88.4989869,30.57783406,back,green
146,67.84556833,90.25844082,37.71392083,back,light green
147,88.28540039,99.55792914,47.29710558,back,light green
148,76.29858803,96.85563681,37.31354671,back,light green
149,106.1033151,127.1106602,64.12640104,back,light green
150,68.45143815,94.49335035,42.85128051,back,yellowish green
151,76.61483605,96.73187323,35.96838872,back,light green
152,70.86136784,90.6767982,31.50701599,back,light green
153,55.82340727,75.62679517,25.92997543,back,green
154,43.93141644,58.94151282,21.31792191,back,green
155,92.39621301,104.6219929,40.10134769,back,yellowish green
156,58.3064652,78.62209119,32.55156892,back,light green
157,60.79022427,82.01872892,34.56953074,back,light green
158,54.59925376,66.72638894,22.55951118,back,green
159,107.5230206,121.7879879,66.74234507,back,yellowish green
160,101.297304,116.8667594,61.29846716,back,yellowish green
161,73.0321888,98.10380114,35.967463,back,yellowish green
162,118.6802441,133.2240393,85.5431623,back,yellowish green
163,130.5711552,144.358085,87.33942241,back,yellowish green
164,79.00844185,103.7178911,46.93407982,back,green
165,67.96542747,90.58824909,43.55135452,back,light green
166,77.39110536,96.78120655,39.35933879,back,yellowish green
167,69.04812483,85.48643249,34.74033331,back,light green
168,49.33991248,65.62154362,24.07140862,back,green
169,99.92628993,109.1482064,58.14948403,back,yellowish green
170,60.86881518,82.42483914,33.43010872,back,green
171,64.45835557,82.25146765,39.76475984,back,light green
172,68.10951485,90.59411848,41.19750675,back,green
173,82.98714455,101.3205206,44.93953772,back,yellowish green
174,94.04729677,111.9280006,58.76567665,back,yellowish green
175,72.18533581,93.23616414,35.71712427,back,light green
176,106.3580878,120.7952931,65.43282053,back,yellowish green
177,86.28802633,104.1391539,54.0362874,back,light green
178,72.13607153,82.18027781,37.94743145,back,green
179,75.94364707,89.40087833,40.84387663,back,yellowish green
180,62.04512298,78.68664079,34.28602824,back,green
181,107.3816853,116.8011812,59.61452044,back,yellowish green
182,63.11260036,74.73036212,31.26301819,back,yellowish green
183,71.69968617,93.2181546,42.508384,back,green
184,93.04513028,116.2275764,60.06636806,back,light green
185,79.45085356,98.01413109,46.15871295,back,green
186,77.07709869,94.91105004,43.26192034,back,yellowish green
187,101.3389142,116.8787123,65.60029026,back,yellowish green
188,80.23964611,91.24885669,40.88363893,back,yellowish green
189,97.74916329,100.4060243,53.51682227,back,yellowish green
190,102.6551858,118.9248735,66.61421994,back,yellowish green
191,79.06362794,98.46955252,42.41677792,back,light green
192,75.58362321,84.49872056,37.85242493,back,green
193,109.0309211,124.5297569,60.72192729,back,yellowish green
194,107.4304098,107.4453099,40.17485043,back,yellowish green
1,85.75185123,102.3462483,43.92608391,top,light green
2,52.53241099,75.01563428,24.32688052,top,green
3,66.40147362,92.2625045,35.91066738,top,green
4,73.46826113,95.07162037,39.96427678,top,light green
5,52.51601403,79.59602051,26.26995243,top,green
6,81.05532154,105.2033816,45.54206824,top,light green
7,63.52727411,90.50004348,25.23798809,top,green
8,97.81242509,122.0435223,59.83459532,top,light green
9,80.32806324,106.5929795,41.91789008,top,light green
10,87.97591566,116.0462772,47.53670149,top,light green
11,88.46581456,114.8460657,55.22422416,top,light green
12,95.44820465,121.6106772,56.16125675,top,light green
13,83.31849289,102.3973853,41.77395025,top,yellowish green
14,86.02473914,109.4017218,49.76652435,top,yellowish green
15,57.32605786,83.91269437,24.94534516,top,yellowish green
16,57.80691019,75.0941913,26.6775874,top,yellowish green
17,39.26896618,63.887141,17.11191289,top,green
18,59.44486316,77.97165879,27.14922548,top,yellowish green
19,66.57643023,86.90827383,31.77449412,top,yellowish green
20,49.0163551,73.35519808,24.51969723,top,light green
21,47.03295609,66.96950134,21.90021519,top,green
22,56.2686483,80.10491499,20.7041716,top,light green
23,66.96747826,90.86470736,26.90586155,top,light green
24,60.68109558,88.2968331,30.09084165,top,light green
25,88.06713932,110.8415611,40.49885738,top,yellowish green
26,107.0172207,126.8838585,54.21475168,top,yellowish green
27,80.17123201,108.9794001,44.73415409,top,light green
28,65.1521039,93.58599071,35.58340373,top,green
29,65.72781167,95.47850833,30.03630182,top,green
30,55.43334856,83.04286367,21.53478211,top,green
31,59.36674955,91.14775467,28.55429978,top,green
32,65.12729102,93.03626936,30.99538249,top,yellowish green
33,64.36332806,88.49330996,34.48662705,top,yellowish green
34,63.43566061,91.21838421,25.98776077,top,light green
35,71.59567054,101.3966398,36.30700683,top,light green
36,78.33027986,105.7090135,38.20123057,top,yellowish green
37,85.26442158,108.6118775,43.87526188,top,light green
38,117.1460953,129.0136994,70.43292439,top,yellowish green
39,84.51113413,111.4225544,45.63673228,top,light green
40,97.82724689,122.977732,54.51805351,top,light green
41,91.23348249,111.0086062,47.63472084,top,yellowish green
42,63.16380305,91.44295961,32.70568948,top,yellowish green
43,66.08096992,94.97728105,31.88480091,top,light green
44,61.52303332,89.6074686,25.7844452,top,green
45,50.97712902,75.79511834,21.79152164,top,green
46,86.68447631,111.8583099,47.0834784,top,light green
47,98.67189868,124.2372448,59.20208638,top,light green
48,48.15088264,73.67719909,22.5722841,top,green
49,90.32856974,106.2429728,45.39986108,top,yellowish green
50,83.39944688,111.8686482,46.79850267,top,yellowish green
51,60.09865606,83.79599955,23.25872432,top,yellowish green
52,69.71339107,92.18469592,32.06905271,top,yellowish green
53,63.65027406,91.90017454,29.03314756,top,yellowish green
54,83.41779685,110.3765569,42.89402909,top,yellowish green
55,45.23251904,74.53844491,15.73663856,top,green
56,60.45232611,86.73893171,24.29126689,top,green
57,41.98336076,61.62964937,11.89831058,top,light green
58,49.70934692,75.9398061,19.19388117,top,green
59,58.76205404,88.20211674,25.22410254,top,light green
60,66.47690176,93.53988768,30.13653271,top,yellowish green
61,66.69095898,94.16014789,27.93063436,top,light green
62,50.55116366,75.12334569,19.56622159,top,yellowish green
63,89.469098,106.1837416,48.88458728,top,yellowish green
64,57.17130941,84.6101677,25.24261355,top,yellowish green
65,66.55514175,86.00972933,19.12216896,top,green
66,55.62262426,81.42640367,28.60620904,top,light green
67,32.82099656,56.12178694,12.64532646,top,green
68,67.91455702,98.21135149,36.15701044,top,light green
69,64.68769356,84.68645135,34.37254535,top,yellowish green
70,80.96797558,97.91243015,34.93913994,top,yellowish green
71,78.85914035,101.6670184,42.69481086,top,green
72,81.1081793,98.01878736,43.41971949,top,yellowish green
73,77.61695751,107.0301223,40.83167754,top,light green
74,57.93059707,86.13493813,24.40593684,top,green
75,90.03668674,118.4047904,57.18309998,top,light green
76,60.59623156,89.55771565,23.40571419,top,light green
77,82.21794221,110.4882674,42.51229553,top,light green
78,88.04292595,114.9677873,55.76711032,top,green
79,84.51767329,111.8721787,42.49535309,top,green
80,121.1467932,139.6639031,78.30499022,top,yellowish green
81,69.85335458,95.15015047,35.992093,top,light green
82,75.13650804,100.29613,52.26057495,top,yellowish green
83,80.87493847,108.0462981,42.01496505,top,light green
84,57.44802698,84.5264625,30.14965343,top,green
85,73.11444142,99.21316492,33.08437471,top,light green
86,45.63370793,72.11286668,19.3547043,top,green
87,63.65938754,92.96933311,29.81673539,top,light green
88,87.12039321,115.4114766,51.88596339,top,light green
89,65.76472209,87.79511254,35.99948553,top,yellowish green
90,80.08438849,108.479064,44.17781823,top,yellowish green
91,91.78049578,122.1268481,55.91292648,top,yellowish green
92,91.87647995,119.9008227,51.16628562,top,light green
93,70.5656749,94.1555464,37.75350199,top,yellowish green
94,90.09552953,116.8801757,49.7527184,top,green
95,84.76709901,115.2044519,48.54662573,top,green
96,50.90555795,80.40149642,24.42315792,top,green
97,80.27068102,110.4430756,42.02273905,top,light green
98,63.52783208,92.94902716,31.25698433,top,light green
99,81.45753031,106.8389915,46.39829403,top,yellowish green
100,71.14743083,98.52690072,33.63401535,top,yellowish green
101,78.69428218,106.7777533,40.83370685,top,light green
102,57.63840077,77.44451361,30.77026574,top,yellowish green
103,88.29677996,109.3845558,54.46664281,top,yellowish green
104,58.90682919,87.38322366,27.66590116,top,light green
105,78.65014142,106.0689457,42.11580326,top,green
106,108.6780507,137.8763531,77.34986688,top,yellowish green
107,81.16483695,111.140915,44.02662584,top,light green
108,38.28498526,61.79810241,16.2869423,top,green
109,83.78757137,111.5664895,49.18857301,top,light green
110,86.86843147,116.562189,52.35336248,top,light green
111,74.03485125,99.46887492,40.00130567,top,green
112,88.38783727,106.6049413,56.67743708,top,light green
113,86.29845819,114.1455905,53.8996114,top,green
114,113.3262824,131.1324716,69.94543561,top,yellowish green
115,52.04398548,73.73165349,20.81164988,top,light green
116,57.8023434,80.21709033,22.21406888,top,green
117,57.33509119,85.97929678,29.14118958,top,green
118,84.32327446,109.8231121,50.59376776,top,light green
119,82.33497038,97.78670023,27.07123216,top,yellowish green
120,70.55566718,99.71128137,30.66558847,top,light green
121,69.36487582,97.1558982,35.0701301,top,green
122,70.89062806,90.65036196,37.96306609,top,light green
123,79.46689804,99.04246781,38.72134856,top,light green
124,71.36345491,99.00919081,39.16484282,top,light green
125,94.50701902,118.0721634,60.00353211,top,yellowish green
126,58.08047504,79.69478084,29.21604552,top,light green
127,70.46967456,95.46139053,34.28698225,top,green
128,53.091946,69.1782666,25.10141217,top,green
129,77.13077536,103.0336564,36.04983183,top,green
130,98.55397801,118.3133581,47.9674479,top,light green
131,82.89602737,111.0245002,45.87840857,top,light green
132,75.66101243,99.79591422,43.43799596,top,green
133,63.08449435,90.56147344,29.42291602,top,green
134,88.51581537,106.9025602,66.91066173,top,light green
135,86.76146241,104.8494346,47.84056707,top,light green
136,73.11071429,92.86114693,39.55622667,top,yellowish green
137,89.25040575,111.2345536,55.62999888,top,green
138,70.46756706,93.93246077,40.77831112,top,light green
139,88.84176443,107.5318544,46.15584526,top,yellowish green
140,43.39467326,63.07964677,11.70512187,top,green
141,85.49804728,107.0082378,48.22207289,top,green
142,44.34316663,65.62577533,23.35068768,top,green
143,68.6833967,83.21216642,26.22118935,top,yellowish green
144,52.95999229,78.90968249,23.60334707,top,green
145,70.25463846,90.78631264,31.85363972,top,green
146,95.40746692,110.4706916,54.15140202,top,light green
147,106.265325,126.9927636,69.79416602,top,light green
148,65.32863474,84.16822313,34.07780226,top,light green
149,71.56737538,94.42846634,45.45870838,top,light green
150,68.07926299,94.48115269,42.94525837,top,yellowish green
151,66.18696265,92.43445278,35.50423423,top,light green
152,56.60404911,75.84460525,22.97422555,top,light green
153,53.00974303,74.10346804,27.90326278,top,green
154,57.15133429,81.98857265,25.45781746,top,green
155,78.79565656,93.11487404,35.91918643,top,yellowish green
156,73.09331516,95.61807307,37.22680853,top,light green
157,75.8112151,100.5466401,43.48751534,top,light green
158,75.6470691,105.2106811,43.86743252,top,green
159,100.1453101,118.4488587,62.57931452,top,yellowish green
160,67.53662253,86.53237153,42.42765781,top,yellowish green
161,51.07409173,79.47995997,30.59189185,top,yellowish green
162,76.8480998,90.74867585,42.9406807,top,yellowish green
163,77.20840087,92.85009031,44.33158894,top,yellowish green
164,40.2077189,62.40944049,14.88155883,top,green
165,68.55727635,88.55080464,31.39283613,top,light green
166,78.06870514,102.7782126,40.93784289,top,yellowish green
167,70.16158606,98.34992742,38.10879364,top,light green
168,66.24365627,95.17363612,33.90177645,top,green
169,106.2178966,121.5827462,56.90329133,top,yellowish green
170,52.0197818,76.92145519,22.43976161,top,green
171,80.91989457,103.8788093,41.06832602,top,light green
172,73.99561736,96.26680585,46.30550763,top,green
173,61.03318256,81.14794807,32.63118282,top,yellowish green
174,59.26278531,78.24423862,30.78943654,top,yellowish green
175,82.21880854,104.1305977,50.35362536,top,light green
176,86.60898167,103.4401613,52.24199572,top,yellowish green
177,68.75692913,89.71518617,41.23965769,top,light green
178,60.74514017,77.11549837,32.89883465,top,green
179,85.71525337,108.3524969,48.03793504,top,yellowish green
180,56.16341146,77.20415582,35.74327257,top,green
181,101.9401648,125.1237846,63.25541507,top,yellowish green
182,115.0343864,132.1130375,74.64088009,top,yellowish green
183,84.04964218,102.0986547,48.43190827,top,green
184,80.76740833,99.23648345,48.60992325,top,light green
185,80.50275814,104.3798836,46.71266089,top,green
186,108.0912558,129.9794554,71.15186725,top,yellowish green
187,67.30795354,88.03863569,38.11252338,top,yellowish green
188,103.3459905,125.0450037,57.96658756,top,yellowish green
189,119.4501526,131.992116,70.61218845,top,yellowish green
190,71.4582705,81.07237285,35.74712017,top,yellowish green
191,90.15002837,115.0824784,54.51639402,top,light green
192,94.09657801,110.731117,60.60069149,top,green
193,78.39627147,100.2013328,29.54239117,top,yellowish green
194,120.0510196,121.9728119,47.05135521,top,yellowish green
1,107.7219143,130.4431628,69.18891323,bottom,light green
2,70.00966039,89.30438535,42.55900807,bottom,green
3,83.05951035,106.4452027,44.07794673,bottom,green
4,100.9828023,122.3914753,56.86291916,bottom,light green
5,64.76601749,92.76205397,32.01529379,bottom,green
6,92.1922101,111.4033168,51.20106421,bottom,light green
7,62.39028249,86.20074839,29.27869402,bottom,green
8,97.86565124,117.7126583,60.49710462,bottom,light green
9,78.59968932,100.6551575,40.10282636,bottom,light green
10,79.02957583,100.1746763,43.32349226,bottom,light green
11,100.2369056,125.8949275,67.10324682,bottom,light green
12,100.2513626,128.2176399,65.63384345,bottom,light green
13,103.5776011,127.1458466,65.72390225,bottom,yellowish green
14,98.78760274,120.7264213,64.53908943,bottom,yellowish green
15,110.0794436,130.5744588,63.52732408,bottom,yellowish green
16,87.98779231,110.8033677,52.69999636,bottom,yellowish green
17,74.30600976,97.9043014,39.71243136,bottom,green
18,72.66259269,90.89762253,31.23061902,bottom,yellowish green
19,81.45723467,108.9633562,53.20746072,bottom,yellowish green
20,62.59083473,82.29399851,29.75728069,bottom,light green
21,87.98942471,113.406236,59.85715419,bottom,green
22,63.68678751,88.18195119,35.62353945,bottom,light green
23,69.27118701,94.85587878,36.40201288,bottom,light green
24,92.61235391,115.7633081,58.28869156,bottom,light green
25,95.65452017,117.1498699,50.34045576,bottom,yellowish green
26,105.4437496,124.74363,56.00180418,bottom,yellowish green
27,96.69181441,120.4415911,59.62336953,bottom,light green
28,78.65497785,107.8569748,50.49278772,bottom,green
29,78.16098526,107.7244829,45.70195041,bottom,green
30,78.0976286,105.6808629,40.49646022,bottom,green
31,59.0442156,88.84989497,36.02607849,bottom,green
32,77.18451798,104.3123991,46.30889756,bottom,yellowish green
33,72.15197204,96.00203782,40.74777517,bottom,yellowish green
34,65.86597089,94.02582779,26.36433011,bottom,light green
35,83.07163523,108.3834264,39.93110331,bottom,light green
36,93.15637259,114.6754074,51.04813996,bottom,yellowish green
37,93.73404892,115.8977512,53.19705706,bottom,light green
38,88.5606521,115.844244,47.53340115,bottom,yellowish green
39,75.62994018,102.2448399,41.22369678,bottom,light green
40,78.97285639,106.393178,46.38813101,bottom,light green
41,108.2344663,123.0574857,65.46134388,bottom,yellowish green
42,102.307792,124.9689075,66.25911742,bottom,yellowish green
43,105.9137354,125.8154539,62.71046328,bottom,light green
44,90.35886397,115.3087286,51.38815592,bottom,green
45,74.27888804,99.322859,40.27238388,bottom,green
46,96.54794546,121.1859649,58.62732561,bottom,light green
47,101.8570572,128.3978469,72.75563789,bottom,light green
48,98.20057836,123.2921921,63.49943468,bottom,green
49,89.85059482,108.8454309,48.23340412,bottom,yellowish green
50,74.32101185,100.8264364,41.25427876,bottom,yellowish green
51,83.1504403,105.3282355,44.37403391,bottom,yellowish green
52,122.7823752,141.9973245,80.10913327,bottom,yellowish green
53,93.45646438,120.5997385,57.18521026,bottom,yellowish green
54,97.9505525,119.790306,59.53668951,bottom,yellowish green
55,59.74813373,88.8117963,26.06009017,bottom,green
56,60.23886915,80.54933514,23.06652558,bottom,green
57,72.32620489,92.32083549,33.38342313,bottom,light green
58,61.25988917,86.90136967,27.77517164,bottom,green
59,65.69483627,93.22926898,29.80038599,bottom,light green
60,74.80820951,99.92976457,33.09563742,bottom,yellowish green
61,45.84024304,68.44708523,18.06395647,bottom,light green
62,79.21750453,100.5970331,36.85745978,bottom,yellowish green
63,92.82180022,108.655894,52.3758658,bottom,yellowish green
64,62.92763195,86.08218099,30.9166182,bottom,yellowish green
65,44.82332564,67.41696604,14.11594389,bottom,green
66,80.62026047,100.0896,42.07406512,bottom,light green
67,51.32787323,74.66334313,22.94581442,bottom,green
68,69.93687516,98.20532639,38.97088969,bottom,light green
69,100.7410101,118.362722,62.30969637,bottom,yellowish green
70,84.4117396,103.973354,46.58188699,bottom,yellowish green
71,83.85872469,106.2972523,47.86249021,bottom,green
72,107.4476899,124.804413,67.65133761,bottom,yellowish green
73,67.46685745,92.03175411,38.7936089,bottom,light green
74,68.89382321,96.02820825,38.08054892,bottom,green
75,104.6782478,126.8693069,71.16870225,bottom,light green
76,71.19431511,95.6793792,31.6842968,bottom,light green
77,87.51456365,114.4204307,50.27345742,bottom,light green
78,70.77626997,95.63897233,40.09949759,bottom,green
79,80.36393819,105.21323,41.94819495,bottom,green
80,118.1332342,139.0192567,82.09182028,bottom,yellowish green
81,83.24624587,106.6687443,45.86255168,bottom,light green
82,104.3267423,126.6574629,65.66118071,bottom,yellowish green
83,91.6662625,117.8084632,54.64635344,bottom,light green
84,70.82855543,95.12815737,41.36561614,bottom,green
85,76.61387816,100.4943054,37.24189561,bottom,light green
86,58.86943904,86.98360438,30.56919156,bottom,green
87,82.11247215,108.0935742,46.12957543,bottom,light green
88,85.37796012,112.1330428,53.88033306,bottom,light green
89,84.30992368,109.411126,50.19444783,bottom,yellowish green
90,95.28021068,117.9896686,57.71356904,bottom,yellowish green
91,111.9637857,134.6692524,77.06151954,bottom,yellowish green
92,102.5153503,126.8670604,64.79814228,bottom,light green
93,94.22567227,115.9410243,63.86471278,bottom,yellowish green
94,85.47143829,113.7002829,51.48315646,bottom,green
95,90.14671389,119.0670276,53.85640273,bottom,green
96,61.59045829,91.24090689,37.41124847,bottom,green
97,77.78795589,103.8776171,42.72804786,bottom,light green
98,73.91213945,99.64125694,38.14470414,bottom,light green
99,117.3039756,137.4923843,77.62032244,bottom,yellowish green
100,91.71222266,116.8382959,51.99918603,bottom,yellowish green
101,87.53129517,113.4213168,51.14065404,bottom,light green
102,82.07036754,105.664309,46.6586813,bottom,yellowish green
103,100.9992107,122.5604072,63.72978416,bottom,yellowish green
104,89.13484415,116.0058514,50.42050336,bottom,light green
105,82.55068312,108.4062926,48.5801342,bottom,green
106,100.2707874,126.3276821,62.83963024,bottom,yellowish green
107,94.49249667,121.0755504,58.94667234,bottom,light green
108,58.92567836,84.62674443,27.30743595,bottom,green
109,100.2255527,123.7176755,64.58594645,bottom,light green
110,99.92239604,125.3815728,68.11209035,bottom,light green
111,69.53018049,96.18374306,40.65433024,bottom,green
112,96.60184002,111.605684,58.19898731,bottom,light green
113,83.97105213,107.9004815,58.08893165,bottom,green
114,131.0729838,140.9540709,84.51256232,bottom,yellowish green
115,98.69228502,117.5011511,59.38698271,bottom,light green
116,61.44205684,89.13476346,31.56747325,bottom,green
117,79.16406459,105.0347296,47.77006009,bottom,green
118,93.10513713,113.808352,56.92394565,bottom,light green
119,78.4174781,94.83099875,32.3466926,bottom,yellowish green
120,76.44392672,100.1797798,37.75996343,bottom,light green
121,88.29033732,111.0473627,54.89807635,bottom,green
122,89.1528961,112.2589259,44.5631374,bottom,light green
123,92.90468739,116.9047101,47.15486314,bottom,light green
124,88.69106282,109.1688444,45.68622276,bottom,light green
125,109.542385,128.8789244,81.5095947,bottom,yellowish green
126,83.84919638,106.7585674,51.30605996,bottom,light green
127,85.87672895,107.6018045,52.64202969,bottom,green
128,58.21329624,82.21966417,33.19824833,bottom,green
129,81.75363086,104.425856,47.53924938,bottom,green
130,103.085929,118.8262816,58.03147457,bottom,light green
131,105.0269468,126.4437997,65.72998386,bottom,light green
132,81.05296042,103.5139524,50.53586487,bottom,green
133,84.30279629,109.9797713,53.81030126,bottom,green
134,86.40719473,106.0194838,61.3528689,bottom,light green
135,100.7444274,119.2494973,66.46523829,bottom,light green
136,115.4205892,129.405688,75.63158776,bottom,yellowish green
137,70.7358437,91.71606701,31.77262125,bottom,green
138,86.36125049,109.7652023,53.19538954,bottom,light green
139,94.56833068,114.4327709,50.95188773,bottom,yellowish green
140,62.66522066,86.91880944,34.35939788,bottom,green
141,51.58567271,77.36731315,27.88403297,bottom,green
142,45.53494817,69.65530985,19.23135012,bottom,green
143,99.48435922,116.7249345,52.56019175,bottom,yellowish green
144,71.17539958,96.72470597,37.12129322,bottom,green
145,91.39479122,114.4269356,53.42447275,bottom,green
146,97.44716292,118.1767484,66.28410877,bottom,light green
147,80.43273236,102.3276101,49.88311917,bottom,light green
148,99.74009059,116.0213042,58.94998136,bottom,light green
149,91.36752384,113.3171618,59.61130519,bottom,light green
150,59.56108477,84.14389743,35.52717094,bottom,yellowish green
151,88.52747435,110.1435907,55.28926649,bottom,light green
152,74.26951658,93.58767489,32.56504165,bottom,light green
153,72.29757013,94.87342343,38.67688416,bottom,green
154,68.68514004,91.59824948,38.53804461,bottom,green
155,104.9923637,119.3392424,49.77589102,bottom,yellowish green
156,83.30370128,102.7866768,48.79801496,bottom,light green
157,83.53833137,108.9304297,52.6859329,bottom,light green
158,62.8958129,87.9536231,30.60280775,bottom,green
159,124.4825323,137.9943701,86.54198447,bottom,yellowish green
160,81.34035416,98.405679,46.42631102,bottom,yellowish green
161,73.88901534,101.3660007,42.51381161,bottom,yellowish green
162,124.0398045,140.6435999,83.5127654,bottom,yellowish green
163,110.9699714,127.6264308,70.32827331,bottom,yellowish green
164,49.55808029,75.53430765,27.39430558,bottom,green
165,91.30736963,107.1377008,47.41746175,bottom,light green
166,88.51068419,107.9429624,50.06239631,bottom,yellowish green
167,82.67708427,105.8454971,48.12999612,bottom,light green
168,60.33207272,78.15505536,28.84102611,bottom,green
169,125.8694379,134.0968525,78.63389452,bottom,yellowish green
170,61.35859499,86.02493287,29.66869418,bottom,green
171,82.39186615,101.0398045,43.38603835,bottom,light green
172,82.17786613,105.1277242,48.56524495,bottom,green
173,74.40083106,94.63724882,41.65878504,bottom,yellowish green
174,82.05063022,103.1612624,46.11356708,bottom,yellowish green
175,101.5720601,120.8897492,66.32746778,bottom,light green
176,107.3420167,123.6929619,68.14998186,bottom,yellowish green
177,80.01299034,100.1213241,51.33327038,bottom,light green
178,86.18906386,96.2414501,48.39742537,bottom,green
179,89.23917186,102.0485165,49.95169167,bottom,yellowish green
180,56.87161348,75.57362185,27.94653847,bottom,green
181,124.457565,134.8061272,79.72538689,bottom,yellowish green
182,112.1719422,123.5375473,72.42099536,bottom,yellowish green
183,116.4736265,131.1629192,72.89974447,bottom,green
184,91.49738905,114.1637152,57.8347354,bottom,light green
185,88.84723135,105.2938295,49.90606893,bottom,green
186,96.75562204,119.6917165,60.29767333,bottom,yellowish green
187,100.3618403,121.8355612,70.05026809,bottom,yellowish green
188,109.2308358,121.5539986,62.37015486,bottom,yellowish green
189,134.0611056,141.9004329,86.35593573,bottom,yellowish green
190,113.8874227,128.5949811,79.05949327,bottom,yellowish green
191,101.2379794,120.5668406,66.78849007,bottom,light green
192,96.32742823,106.9974426,57.93049369,bottom,green
193,110.4646012,122.3832936,53.52108453,bottom,yellowish green
194,129.6676497,134.6284731,56.67765345,bottom,yellowish green
