R,G,B,class
0.4425439537349659,0.4437244399234237,0.47857789097156694,1
0.09785607767422826,0.11895959251899518,0.03485348081514143,0
0.0643828972460937,0.10419249578081402,0.05441964644345134,0
0.009374703765418952,0.019454662329811342,-0.08948800855736769,1
0.12501216801265994,0.17407513000097125,0.12349389960488547,0
-0.040765135065567795,0.007177709074015525,-0.03524850125320878,1
0.1156167747801143,0.14065702427007504,0.09541437114992606,0
0.08389244537814546,0.0684675108885576,0.07696580679386641,1
0.055326350161209625,0.11071274383841442,0.04996258726691275,1
0.07561726392213866,0.10929650990315427,0.0839548519081692,1
0.1362916378764928,0.16199950224881743,0.21088536723385298,1
0.21666591528951917,0.2378511671108349,0.25727342589840446,1
0.19673176013463653,0.1899996383879728,0.14864711429834676,2
0.03346921551742463,0.011318589156867905,-0.04464380069925628,2
0.025578340848385134,0.029425111129666906,-0.04245900402022691,2
0.09096197100600016,0.10236423557518201,-0.008813326110172857,2
-0.022807715877338146,0.004721503605421747,-0.03553206367134009,0
0.09458413486269075,0.07375835809117631,0.05030415635015093,2
0.21346538702343854,0.16729887423810022,0.14354979607047552,2
0.10259803044119391,0.1558165014639301,0.09741231102408841,1
0.029944683169076586,0.08589136821225897,0.06606010823303878,0
0.23194228055049942,0.2394541969418661,0.16629221470414526,1
0.11388402817484632,0.1326842597325643,0.08456862591587977,1
0.11297310966661647,0.14609560075301053,0.07764203332036272,1
0.1954654303591236,0.15750310299842685,0.1715446601092206,2
-0.053896487348685955,-0.03367738459764133,-0.10521550401473866,2
0.12507614074552167,0.14899061296483412,0.09482242175619225,1
0.08578335272529837,0.11274532719104757,0.09679658133516354,0
0.13415862431126113,0.1555236982584983,0.05082196512633136,0
0.11386075058909237,0.17841156245434286,0.13495952073237827,0
0.09817214467413606,0.10107899503160031,0.13779051443782617,0
0.09011063405614687,0.11505271168032766,0.10898325086863879,2
-0.0427452045751296,-0.06591138916588485,-0.0764425860738274,2
0.007697203826815507,0.06786931799869222,0.0023251008535531,1
0.06167384580757429,0.1164976987742312,0.06053247644448563,1
0.13694181721421977,0.1390357358925033,0.1887003150737962,2
0.20068226194028943,0.1864611358822321,0.2164862490439137,1
0.14609858938098508,0.15145844002213724,0.17477629887957125,2
0.25332805228290456,0.23188502923295387,0.2258212010872352,1
0.21067471568680912,0.19641135344976168,0.1809286780039077,1
0.18860822897599058,0.1731814108555998,0.21503318402608382,2
0.22910211671526506,0.25640938645606615,0.23765876164756833,2
0.23140231164130268,0.2760356344755735,0.27892344441092215,1
0.09173793283639746,0.06816393371049352,0.07006906508926768,0
0.09311651990697851,0.10890975956326737,0.13617957573723224,0
0.1056154443830248,0.11533302756544428,0.14027051052302875,1
0.2747353596306064,0.24836773142133717,0.24866410841869757,1
-0.028598299356652288,-0.00732963004434968,-0.010124451631580374,0
0.16000539927912968,0.1767200706804099,0.1861988739747569,2
0.17890172526170284,0.22100870481418175,0.19948195431810356,2
0.15719345827262377,0.20249370149404136,0.23100411218716332,2
0.15579568911984937,0.16273997069126017,0.2195350109648696,2
0.09407825318624245,0.09958238058636161,0.12141211898779605,2
0.060010008884819936,0.019482737586282925,0.0690633476455612,2
0.08005833765136702,0.09047494701677353,0.043046089652180514,0
-0.1526604363910942,-0.15966471987576222,-0.11848217926268167,0
-0.1554539057456394,-0.13704869302064193,-0.15683705402245982,1
0.0655004328886023,0.07461582901605818,0.03955208505045627,0
-0.04813766859908867,-0.04652949246205402,-0.0027191703426043805,1
0.058435603983597366,0.10656317211533951,0.03432066051814013,2
-0.012834665244033747,-0.05499515328058337,-0.014865067101871333,1
-0.005149007815072795,0.013565666095977019,0.0030006119412404222,2
-0.10526154614195331,-0.05655791543657406,-0.07650697133524458,2
0.027259819252200425,0.018873800280701382,0.05335098619658939,2
0.14261116089155493,0.07177398016175665,0.05864609836788881,0
-0.03392278050018234,-0.005356994791650207,-0.06552871848235334,1
-0.21175009675118334,-0.17680728736629012,-0.17932334834633107,0
0.20286016949657878,0.21449352147716735,0.24902193995498698,1
0.09985960265665242,0.10011304069025005,0.08091748589743095,2
0.17253569758053475,0.10923149422228791,0.16268808018464462,2
0.04338434726373733,0.04432986777427395,0.11184040747537816,0
0.19092680991844557,0.13894936486305143,0.1763505495439847,2
0.19153684342520066,0.19272926249230077,0.2141924559026155,1
-0.01039916019553189,-0.042606261595520105,0.006401504603892209,0
0.24674134366981043,0.24728063090860428,0.3256826024662324,1
-0.06992576114675043,-0.08988017276055278,-0.10028121953724346,1
0.0054924071757847396,-0.016676545189329258,0.03772640680675366,1
0.0775631363357248,0.06135907162011053,0.1555038760574251,0
-0.02665658404085351,-0.10100691338348917,0.018138835806041465,0
0.2756484255502617,0.2160547759444039,0.2693101344466665,2
0.015258742086774506,0.036963306050883805,0.059603690998887106,1
-0.10130091092123102,-0.06379483671228255,-0.10142647371649767,2
0.1527628370184222,0.16171919589818998,0.1609354926172457,1
0.2617213941091101,0.2696039951920061,0.25459189699212575,0
0.08406584002161653,0.06450083068798565,0.1297345014095825,1
0.16243328276426014,0.21156213804994536,0.1851648992035243,0
-0.002608514149342952,0.018841526035250064,0.06430937557298291,1
0.03518392703495515,0.04989607960184278,0.07290348310199232,1
0.06060781980470459,0.08318042503233665,0.04320721226227984,2
0.09858273477056903,0.11482128484128998,0.12927098057563527,2
0.10184374679669364,0.06538392841254974,0.11523511952618691,2
0.2190789776755203,0.16621262420179111,0.2701772774617805,1
0.26730839674201207,0.2962318437628542,0.33939763458594296,2
0.09118226895415726,0.08707178276937372,0.16696232008095022,0
0.06767994524938589,0.0800852943831853,0.1325544127730131,0
-0.10556923772479353,-0.07668133099750697,-0.02651666011715503,0
0.04745345336530077,0.06008947526617055,0.10210221095804026,1
0.20526607167021593,0.20612852045476743,0.28793157465271435,1
0.22408689487207661,0.2666850943178552,0.3233988370489032,2
0.03973666830152063,0.04637280081477624,0.07044407227917993,2
0.08157891395088815,0.08162146360971803,0.21299734582711627,1
0.030606237590661892,0.016751176073779076,0.026859997695562448,2
0.13752138310416936,0.17098803120539985,0.11421324140547143,2
0.051447550930899234,0.13242764086654527,0.12604847258612448,1
0.19773904285698526,0.2159742476498448,0.2713354009654655,0
0.08957798973482939,0.08355912349621669,0.0713156147140453,2
0.12674009079292214,0.12973231136589947,0.09396154409205494,1
0.05150374033400924,0.11500637692386682,0.014365591595524883,0
0.12634887510921763,0.13630357084684233,0.24371884860878745,1
0.2456975302596298,0.25574188259801495,0.29330931850319186,1
0.13469950828143423,0.1222099322551271,0.18620385120182037,0
0.2919219631348209,0.3111852339292332,0.3428113868853716,1
0.031909770465412365,0.028898820682112438,0.025103065716469915,0
0.009179733530973013,-0.007206408214699833,-0.05879393620071763,2
0.19010320285714094,0.1711694649045264,0.26007653964941946,1
-0.07060607142966291,-0.08506833619047255,0.011589638017392555,0
0.002760845703167312,0.038267629874309116,0.04235784041312334,0
0.1376596709021423,0.11643292622283567,0.16416066816350472,1
0.17595606039373038,0.0984215279404412,0.06057094355706305,2
-0.13327786741292025,-0.10526426497308522,-0.07188521591783686,1
-0.028777595863869763,-0.038137822424973274,-0.005207691785953444,0
0.031093977763931236,-0.01792530820795954,0.03468185890389694,1
0.08193626073054772,0.06754309640912225,0.023324668457414075,1
0.18847364232943464,0.2237586011491385,0.18574564265413915,1
0.3137450986041692,0.294615443717821,0.40215604137799005,2
0.05430754801391773,0.07915461669788987,0.0730047998158135,1
-0.22607746317617977,-0.25974957048791697,-0.20097433462206868,0
-0.07038915426839781,-0.14310044879868447,-0.016192569991948808,0
-0.06985362526860354,-0.13036278798295442,-0.06670273497201276,0
-0.17281980501160413,-0.20533901980081426,-0.17380995585009457,1
0.22007730640507814,0.15576070563398,0.16888562626938067,1
0.01564009961916993,0.046956875986697774,-0.028364419976043883,0
0.03814773815845983,0.018938153314578474,0.015325987967187971,0
0.16337302830237632,0.1236618919208766,0.20031905736601943,1
0.043063339027741336,0.04151519221377929,0.08002082426679258,1
0.15001307086428137,0.11785463772205794,0.15076243980900791,2
0.08128569384306518,0.03732063009720016,0.027864628563098102,0
0.10422120967656698,0.12177073841164174,0.1134130751548721,1
-0.12510880526150253,-0.11725145700218224,-0.15909908357363017,2
-0.03361831091972241,0.015785830032830326,0.013958371174720426,0
-0.1955987558689254,-0.17385439727814134,-0.13271786977640299,0
-0.06362338639301944,-0.03981507234191479,0.016827567864986227,0
0.07424528979782034,0.07266587154557622,-0.05802955358256231,2
0.14351720693304487,0.1395192908532152,0.13466658612152577,0
-0.06825416614694546,-0.0542874880570447,-0.10528182368907245,0
0.1353001403287176,0.09939337173568083,0.089556413858346,1
0.047554464915068075,0.008319512764252903,0.11422509263542273,1
-0.028427575815307766,0.005953546467320649,-0.015670845733303213,1
0.25354955481285785,0.2663220819953684,0.20467684648481593,1
-0.33605324491240135,-0.3443894881687403,-0.31436189895635214,2
-0.08794486653360195,-0.11412215588839619,-0.048574853340063485,1
-0.13754781663263918,-0.15322354743796845,-0.113462260935467,1
-0.11544355961523449,-0.10019696654723291,-0.08532940183437428,0
0.00142426104959572,-0.0896853477762035,0.009858559602780342,0
0.020629216971834913,-0.06477654079006835,-0.12221823847150734,2
-0.02305803621202124,-0.0375740079469487,2.7691544889707807e-05,1
0.010070972078109792,0.012150900472031293,0.12018651228913683,1
0.01686016355762801,-0.023454895012031466,-0.01323904695118453,0
0.1632220097884593,0.15618886998052658,0.17688374843895494,2
0.11918694956857916,0.12860206824364143,0.09676588873187839,2
-0.09451872748558644,-0.05180747201358874,-0.11625026417342743,2
0.005060697527930484,0.044550871509876654,0.02634649480316475,2
0.10720532024439995,0.08460059671157663,0.08913677854202579,2
-0.13550405804048163,-0.07593933722750512,-0.1502149810242925,0
0.178376981588036,0.18507841758289836,0.2704387685091411,1
0.19898974670835334,0.20940140353682118,0.2630769052806529,2
-0.06446440700879151,-0.04050249889622608,0.03258474428959888,1
-0.01839883868969665,-0.039903591205716245,0.07349542692810895,0
0.1981680033150248,0.1765992639368378,0.1450966301175586,2
-0.031600347821937894,-0.009989436899123013,-0.02254389266131091,0
-0.04538791903159286,-0.06852921642810784,0.031731960827332935,1
-0.026164335934300228,0.0040545994667321615,0.003000897782707047,0
-0.09000490547691418,-0.0825904984917311,-0.16343008020498342,2
-0.02213610715338914,-0.0034123442177763866,-0.007085882570119543,2
0.21299526093531088,0.24394274072672437,0.1943009659390959,1
0.23507515580538282,0.24263070922234697,0.2975362181754039,2
-0.32212616128854643,-0.37136233641000704,-0.3035262218671758,1
-0.06051823552886431,-0.06307970636519337,0.07219362182058274,0
0.028619973435114535,0.0224830086503766,0.07980073702737256,2
0.05881859446187328,-0.018780354226240137,0.06527723032463414,0
0.2260588652533483,0.21291464632070828,0.2502762551808695,2
-0.16232088057637217,-0.21813199571755645,-0.20103355825694103,2
-0.08027010885998212,-0.08755075387637659,-0.04203891137983065,0
-0.08713847370747482,-0.044690457139650974,-0.03700804310853548,1
0.1357306627268877,0.1492856996803947,0.1092427894640031,0
0.22742840962054292,0.2254464221447852,0.21075534756042574,2
-0.10725152533324396,-0.09923173291791013,-0.11889899547171366,2
0.2695509167351958,0.2251337109262064,0.2941838103275876,2
0.3244805865225525,0.23019212444774295,0.30952551311837756,2
0.07947685218340209,0.06296054542252792,0.10369094310611814,2
0.000823598065423904,0.006969534946885248,0.030984942382318463,1
0.09372306723641777,0.07744999211873238,0.12899596188878729,0
0.2010396398432041,0.0771010879797005,-0.03789072879515036,2
-0.03446164211105124,-0.13986493166527222,-0.2112752997606271,2
0.343313941959718,0.2792022242132947,0.20100833661425674,1
-0.25449538448881376,-0.3020866339156587,-0.2694363507721938,0
-0.129777190666949,-0.11348804962929693,-0.19013715427625094,0
-0.0595094898271544,-0.019128344865875592,-0.0721861328214551,1
0.16825202309845635,0.2005217031452109,0.07177486240179898,0
0.010368972214741078,0.01842986207546206,-0.038872400256973465,1
-0.15010067249167575,-0.14413602960446337,-0.19019075461776108,0
-0.05841713028896695,-0.08235246367970889,-0.11380630103856669,1
0.05645583228817814,0.10207401240248842,-0.04417182098451178,1
0.021813630898763255,0.010321796464117867,-0.10391297500562544,1
0.05606786311408778,0.10163121738248682,0.060349406621479,1
0.15041684673831035,0.11160348631630292,0.0741985952655416,1
0.15276627231760231,0.19771821154037791,0.20374790458917447,2
-0.04476087713178823,-0.00533823187063879,0.00803782072634434,2
0.022598476927585556,0.016127422172205984,-0.04384002763488873,2
0.03329817580480797,0.047143183716629324,0.015229544811398146,2
-0.11381071455908723,-0.10566358119747755,-0.1784840894056868,0
0.04987078094183166,0.04100355532245345,-0.048352795164158066,2
0.0019007066494633317,-0.011164535978589447,-0.015044789784775456,2
0.04072879334630338,0.061386223938041495,0.027034041631637147,1
-0.0785073684754915,-0.043494471999150276,-0.026229255597753017,0
0.10959033750241409,0.09556026400607673,-0.024936213251570385,1
0.005493377680883236,0.008369149314273544,-0.10411971299201288,1
0.035048998312142164,0.04786168469628928,-0.0026649077887056184,1
0.14159180588715795,0.13886855530106526,-0.011144088118262674,2
0.1586725736438658,0.10798123476560038,0.05532232154606469,2
-0.10307157916292475,-0.03461174469329971,-0.10268870787566221,1
0.11449854687813601,0.16854129157753997,0.2065936502531299,0
-0.08777740161571351,-0.05172099629544706,-0.18035344315649607,0
-0.0378750081555644,-0.03858100845437094,-0.0969297428177263,0
-0.18330359907200597,-0.17276756115679007,-0.17276997239503786,0
0.005990070169642249,0.018989927497045308,0.02257993952794064,2
-0.10380054049835116,-0.08578054393063178,-0.1173696323846692,2
-0.1563327202433974,-0.09835745793279316,-0.17543551567019205,1
0.06110402214878587,0.1167312889888355,0.0627833725429128,1
0.11520494105804079,0.12953350868806138,0.10742370027254061,2
0.08067191576142926,0.07179505710326174,0.05231885742451237,1
0.14523909953602057,0.15039110831901112,0.17642266477375665,2
-0.039315151806659544,-0.05306280515328206,-0.05723364533423788,1
-0.07551430400805113,-0.05305737764538749,-0.08910755267456828,1
0.28403854416270286,0.180235998376415,0.18384060671287106,2
0.11528247616868094,0.15768074578470498,0.13845276991980204,2
0.29993192702617827,0.2730531881387681,0.277631612910126,1
-0.03704732907291559,-0.05497386743842307,-0.07490875486263529,0
0.0825463638453017,0.05730576677267772,0.016729466338740145,0
-0.02599633167089965,0.011571822325823582,0.02324093717384092,1
0.2605270923053682,0.2197956451199915,0.1827113555357071,1
0.04002620412412182,0.07676773459231746,0.06727532330826916,0
0.14159630729760384,0.10375944882242241,0.1256687878183059,2
-0.04170822998777043,0.009787680107947009,-0.02216642892734194,2
0.33798304178457816,0.34039265472255825,0.374687037001235,2
0.1150966897172871,0.100083104301515,0.1876311872584426,2
-0.1370210458473149,-0.09360291620503246,-0.14095573944386752,2
0.001261986912937445,0.004477147045776407,-0.00824585875410075,2
-0.1481217464356006,-0.1404306254864343,-0.16755234575434744,0
-0.27324317268591264,-0.27584578787193337,-0.17377420573470603,0
-0.15298469272082219,-0.19835161457815847,-0.14652675043094038,1
-0.07436515524521556,-0.07182927814328235,-0.13053669460965117,0
-0.14685481972723496,-0.10512800320413447,-0.10677145136034359,1
0.024789676257063322,0.06309924268136292,-0.007390196165633271,2
-0.2072217855626482,-0.2211990800950829,-0.18952122315093617,1
-0.19021409604779926,-0.1807245009214365,-0.1607531417990781,2
-0.06576290779364005,-0.08241044071472017,-0.003861894596607246,2
-0.10251533987319696,-0.09721155784467823,-0.08124550429400168,2
-0.18242748745191353,-0.22882492347659542,-0.2540426829604149,0
-0.03184162125998159,-0.07844310463664612,-0.0587573032839474,1
-0.12556475806148917,-0.12850652545969207,-0.1577049778402085,0
0.012734294695501637,0.014682136648794981,0.03145498423222374,1
0.28559588196533453,0.19244151351951697,0.2553059732938055,2
0.27113448193725403,0.17169234963259042,0.2105161728589921,2
0.14324450590282128,0.13557099886823495,0.1351005649559564,0
0.3756879364202357,0.30374060285601123,0.29813026500188555,2
0.1083582739649589,0.11233299295667909,0.06777818793179667,1
-0.20231501642953825,-0.21397812212836473,-0.1741315365195054,0
0.08289937321729733,0.0894931482615115,0.19865540602480017,1
0.019439917998407802,-0.024195253903194932,-0.03464949457062917,1
0.08654651078396695,0.10523739664498927,0.12233962176574624,1
-0.19494611117801644,-0.20388234552091697,-0.1589620669643275,0
-0.10863476020539041,-0.10020957905538953,-0.10865496189138273,0
0.37134149276207445,0.3447729753824992,0.3479148140141764,2
-0.02759844409665516,0.002482651116571571,-0.027570393359625,1
0.07934137293306912,0.09274582490091068,0.09186708545386148,2
0.03700043014048418,0.06097422531768788,0.009166200460065691,1
0.1179146255845716,0.10784877020226068,0.10556825075484545,0
0.016547036773502662,-0.010635202122128535,0.0019369039785169246,1
-0.06555705970195161,-0.023460714292081276,-0.035386091883843805,0
0.07724986111044513,0.07480635671084536,0.08622466610169512,1
-0.07810833750012955,-0.03273089834811295,-0.02283495343492186,1
-0.05919357434345315,-0.0469647958526254,0.008101269403197817,2
0.02052088251148951,0.05370469322906436,0.04466628084172601,2
0.33160989274852365,0.27712235456219286,0.2808621190044354,2
0.06790785469710715,0.11075428083998279,0.09187066665659065,1
0.09137690093286564,0.08184625063057782,0.12477691400439418,2
0.1158955181946498,0.10825579658657217,0.1431287146212663,0
-0.10915698652953858,-0.08329552208973216,-0.04662645000362411,0
-0.15813335915483082,-0.13468594985773472,-0.05041309869793578,0
-0.033898238415706515,-0.004957962122962535,0.028944139984511646,1
0.048770133206237985,0.07888487932837981,0.13672146924591164,1
0.13999844832126995,0.14389736614098378,0.1727382826287588,2
-0.041976399975227396,-0.015942552571852626,-0.01212419507965529,2
-0.058732109559060525,-0.03179516881379149,-0.05289585164446633,1
0.3006490468948354,0.20895595411506665,0.2480384927573372,2
0.3128431895328524,0.31009219533671684,0.32737294195774885,2
0.03951199343593855,0.10146536208502734,0.08879713563163079,1
0.1183014048998428,0.12437674595847298,0.15553004007224003,0
0.025739060126850954,0.007722526940701779,0.05421007843724608,2
0.032331872066199696,0.05964918686334147,-0.0009432365314505876,1
-0.04912061535863982,-0.006969120525240005,-0.04316645652773519,0
0.08273659067201525,0.10436620273001031,0.07193245514259959,1
0.1221073633195945,0.09851618062708634,0.1480262904623975,1
-0.2490548346628379,-0.2231637146719816,-0.20629719557474002,0
0.055670242562649984,0.056015667453473694,0.08132080386399435,1
-0.22434004985311645,-0.23205584088645279,-0.21007924909187983,0
0.2760593019060959,0.16274474556337892,0.11623928794743861,2
0.10451839417890854,0.0239157515534355,0.06384517326269161,1
-0.18422819261674347,-0.20657196557882673,-0.18285657257977214,0
-0.3114678321130556,-0.31283844553496315,-0.24199094240250066,0
-0.13712962640501658,-0.14386783605942136,-0.1606579545863741,1
-0.27770292092736115,-0.33164371426558353,-0.28746366008074026,2
-0.250758769520297,-0.2114638226365788,-0.16109242203488938,1
-0.11882800796241441,-0.09925713489434039,-0.11021923304739188,0
0.02385728027997739,-0.04417046698711918,0.03416938023035751,1
-0.06187557939365393,-0.09350259221360757,-0.1504353098982986,1
0.06417393067878105,0.06899164654158564,-0.048632728720757065,1
0.05051783910161571,0.04311267964632272,0.1265352592674344,2
-0.1811568525101926,-0.17647110871911023,-0.16369527071126236,1
-0.33836403190219716,-0.3592404861223287,-0.2724557438465276,0
-0.3251749879132135,-0.4011322086308013,-0.2572908286022114,0
-0.28733493038486185,-0.2999971044923159,-0.310697122173119,0
-0.03472661628066295,-0.06897335323675415,-0.06830194281453902,1
0.0793362581894923,-0.0035079951654255286,-0.058245684807263914,1
-0.12224596356886874,-0.12540116287361133,-0.12306027609853902,0
-0.23971157092589995,-0.260937405070449,-0.2541289237917604,0
0.08811659020500058,0.009620235411162107,0.0923309655104698,1
-0.20397089455820105,-0.20021701552780058,-0.15862392552893637,1
0.09473291362043428,0.05877875380058918,0.11840487590175205,2
-0.12951521821416287,-0.18015173823008887,-0.2047993763796491,0
0.06547022497392936,0.033575630580954,0.010028139200687096,1
-0.24575269418680132,-0.23587011342361827,-0.19576029686741914,2
-0.35716707943890275,-0.33890656858876267,-0.26416253829992237,0
-0.10636342669391328,-0.06855540309298735,-0.1348106152587871,0
-0.296970960053737,-0.2912003305099518,-0.23380278520946227,0
0.03455955260312455,0.0015055633523514893,-0.020171631416321906,2
-0.1446133058352081,-0.15366377777575907,-0.14006413476857074,0
-0.22849810304980445,-0.23492526453189538,-0.22741591085458832,0
-0.17395908490703954,-0.1879547382342827,-0.0912364827691864,1
0.040511694011493585,0.01302017509436347,0.061316779551538594,1
-0.14413153610866664,-0.15323807647377002,-0.16761250820083048,1
0.19511583047450679,0.1899504795158539,0.21376756753947623,1
-0.3835497634084658,-0.3745930459680031,-0.32485737091714956,2
-0.3012358497876346,-0.3533338256266565,-0.22808436264908769,1
-0.27785299074109504,-0.32402562900247023,-0.2879012705605118,1
-0.3023700603198085,-0.2974945354731043,-0.2421444615405078,0
-0.19803794119576282,-0.2656087100413448,-0.22169831686700397,0
0.053360536313913326,-0.0345400893849451,-0.14929659688977664,2
-0.052909312206047485,-0.05664424375151509,0.01216866842355025,1
-0.24006931997829212,-0.2530364621227821,-0.18702831776581139,1
-0.1249716713535569,-0.18649136912220549,-0.18696774877192113,0
0.26932349519575066,0.14735103648380604,0.23829754049219476,2
0.05687766002295644,0.04871205528717187,0.04154388261798187,2
-0.15127244879287535,-0.13324553617219637,-0.12271338337109576,2
0.26106719912599535,0.16505224160618112,0.2611127880128079,2
0.15627985980984432,0.015599049392241809,0.017493382613279627,2
-0.09943367402104146,-0.059201008045999176,-0.07256810465506312,0
-0.010949409656384952,-0.020808264344407728,0.08053688091384319,1
0.06973565843295901,0.054101524384229306,0.18979197102723477,2
-0.2895212893958722,-0.2853585414383268,-0.22047203682072178,1
-0.20281275695198356,-0.19468954004098504,-0.1526917627013864,0
0.034404383234707805,0.0037805105564174797,-0.03755572738450218,2
-0.17660889882029063,-0.1497426904530545,-0.10834778976985111,0
-0.1332962381472603,-0.1367569301233109,-0.05303788501091447,1
-0.05122705823680383,-0.042579361083445115,-0.009981728882771651,0
-0.07329745380483531,-0.12278915060091806,-0.14804584527295309,2
-0.038527816290154816,-0.03268724726428635,0.014127895096455258,2
-0.028371837885764892,-0.04048515651873897,-0.045684100283617114,1
-0.022331171316701162,-0.021635719934985264,0.04794914558755976,2
-0.2045602770396642,-0.2913103466908808,-0.14652645568128633,1
-0.19728619158060945,-0.2793072759237114,-0.18660065472496914,0
-0.0848952079675504,-0.12612209314573763,-0.06307908428397482,2
-0.3557734306696565,-0.423279570536767,-0.3316289028128118,0
0.12039663595146317,0.013843270372406258,0.021728324708522956,2
-0.05263860250505615,-0.1265040225619237,-0.08235683152979241,2
-0.15483124421104558,-0.16805064242749565,-0.11285260017198434,0
-0.0024384734559449294,0.003696454500908131,0.05917391348838833,1
-0.0012497073051921505,-0.0170465215026217,-0.031581643517374615,0
-0.21409048223622407,-0.2047565922839463,-0.22697576933604208,2
0.10887803391090758,0.08210129439900501,0.11505159961700664,2
-0.27988015765636254,-0.35013900531563724,-0.2723714510130846,2
0.06307549390569059,-0.03930547878693851,-0.03486537046440643,2
0.07394397074807393,-0.021844146344695947,0.018955854899818898,2
-0.09694055535436234,-0.08384218058953055,-0.049212352412202516,1
-0.284508955399396,-0.3859492326398761,-0.28113652414262413,0
0.2912515123077852,0.24790670741171122,0.133232503449097,2
0.31646825577286547,0.13096282680265178,-0.03680259090766202,2
0.11060964982881445,0.15301826145566863,0.12403921385756655,1
0.0248839739429469,-0.010271897090827901,-0.06662800285080911,0
0.0011965498029636202,0.0365302924632038,-0.09825217605829506,0
0.3195176303159174,0.2767277363619378,0.220689564846469,1
0.017425594085080032,0.06389185143065232,-0.020845388481889566,0
0.15613949048110903,0.10965766013992849,-0.005013298209048165,1
-0.24678894157091627,-0.22385848058993268,-0.26254548112209336,0
-0.0552995629232884,-0.07967120689421853,-0.0910419373076841,1
-0.12019818560398725,-0.06726042535711342,-0.08236668899602795,1
-0.07206868886651419,-0.04239836644753963,-0.0981872828074854,1
0.03274413657512582,0.03217813096323817,-0.043763741146317835,1
-0.023886573141039417,0.027915400110262095,-0.02393508374713343,1
0.058152126666036,0.11770727742646749,0.10126525188870499,2
0.13719741322020929,0.14328573915603973,0.11156269361640062,2
0.19456594126067364,0.14498080540991942,0.06674162989754007,2
0.08331792341238956,0.05999146071868447,-0.013648032195286024,2
-0.28166752240626997,-0.2562293403537258,-0.2915450720140944,0
-0.09709794286040413,-0.09227259459495579,-0.17880942554424487,2
-0.15712739106387244,-0.12044440273730853,-0.1508670774978859,2
-0.03930718006007561,-0.02270346514890157,-0.0344251511105719,1
-0.05580130772274704,-0.012590757291134761,-0.07465991889779591,0
-0.00011622816951555037,0.025966495247371782,-0.06280189478318429,1
-0.10820543838213036,-0.06513608589561005,-0.1368523630379928,1
0.09380769341733981,0.07198770145461922,-0.015648782602605986,1
0.1559393214516605,0.1360190178347897,-0.011537015352216086,2
-0.18480290654030096,-0.1579016872073433,-0.18904743362654777,2
0.029617638232956035,0.0596343321293938,0.029985306112812003,1
-0.03077329521127934,0.04265958642469292,-0.004456725009532358,0
-0.2165132342979494,-0.1828538949016225,-0.2626870678542905,0
-0.0776476432492616,-0.05026445321011903,-0.11855493254138359,0
-0.18073407169561137,-0.1615213153433824,-0.15786028674443772,0
-0.07782855704754874,-0.08955238188942925,-0.0959245456121701,2
-0.1776790758640267,-0.14331784878345913,-0.17863167524540657,2
-0.14272529118030414,-0.09793644874355795,-0.15736407319640586,1
-0.036040262256501934,0.05192856188889184,-0.05188496388873216,1
0.22233153396048738,0.17815524392472895,0.23793376986729603,2
-0.045586665616458674,-0.018973801476920914,-0.011297270749486839,1
0.32212005068662153,0.2563096023074115,0.2858485554635049,2
-0.049497124279245304,-0.0809391342358496,-0.05631863294869248,1
-0.07963894974488481,-0.050866554001013385,-0.08215164323397377,1
0.054725211196236814,0.05474864255123177,0.0846047829127326,2
0.26066715068110174,0.2552643515274881,0.23650410754885942,2
0.07775655488021398,0.11501118135290164,0.11328063312255769,1
-0.07603288835224062,-0.06828885872851714,-0.07811362196843083,0
-0.03939225240311108,-0.00986679095261218,-0.027743060312616186,0
-0.06278065763236398,-0.036264642762435656,-0.04138863195378353,1
-0.03769637790964826,-0.05184000731335044,-0.04629771761857997,1
0.09808173264279899,0.09913140402130183,0.07959954015631766,0
0.033396965396430896,0.0460215960035354,0.08314355309564546,2
0.11388989798350366,0.12239993459956737,0.05694292284629242,2
-0.010636049168295273,0.057227931971276805,0.04376930786993432,2
0.3507911605189536,0.29388773242173394,0.3756206461190149,2
0.08175072783118202,0.08542919243635527,0.028634939691390016,2
0.16450963858661946,0.13691661942410435,0.14022969721656733,2
-0.23842672411811094,-0.23718116030131098,-0.23203181693337588,0
-0.2468447016781081,-0.25150204342843996,-0.2202486794970212,0
-0.14729926931618997,-0.14164154173214016,-0.10018936999969276,1
-0.14177224967574673,-0.13152883158609593,-0.1539716081245428,0
-0.12007523644574078,-0.10269923847176553,-0.07998145631650883,1
-0.23015222476458333,-0.19156729626065266,-0.19399601507687364,2
-0.005533108387178642,-0.04645470583680393,-0.09049978200964444,1
0.08218032603640286,0.06994093650296557,0.04436850151309923,2
0.1839805214787231,0.11869511342019913,0.15458312980564015,2
-0.12998829104091075,-0.13962580868201416,-0.14724614280486573,2
-0.14562853542417326,-0.18609054969026875,-0.19718354896547988,0
0.1432787938526108,0.1231606876674749,0.13116272449897548,1
-0.23679577916464864,-0.21962168116356423,-0.2284454668307616,0
0.006668069131530985,0.030152964489640985,0.04156208070882549,1
0.1654197008325978,0.15979450768405062,0.18993139095417377,2
0.18880493447168917,0.14672375958852707,0.18459439571444602,2
0.07566982960923609,0.08177914785005723,0.13997281804923012,0
0.30042150608063967,0.2305485427175992,0.25912342204641403,2
0.04389164896199992,0.045234187364576704,-0.013687553369149943,1
-0.09108718657823757,-0.10675692050777855,-0.07635007287630752,0
0.12058001678023354,0.11246272970270017,0.23216153751165264,1
-0.019959701899855208,-0.02196577591467342,-0.008275984128546625,1
-0.05986845948888748,-0.04589780758179513,0.0006002953618769692,1
-0.12365611390665833,-0.11681562892867806,-0.11451479012504347,0
-0.06866857163764253,-0.061318376461174835,-0.0443153798780701,0
0.2158569641131781,0.20333683159393562,0.20429386969630509,2
0.15013402785464497,0.16144723031858793,0.15222932098024794,1
0.07306991111960645,0.07946060705513372,0.05902124296659329,2
-0.09111391837940176,-0.09131426269622546,-0.11460173147398386,1
-0.11364677980107904,-0.1068699295648219,-0.11901568560147313,0
-0.030159973169197014,-0.03849323871537453,-0.044604615698118355,1
-0.17885381912464413,-0.1347762807511811,-0.11239437280575705,0
-0.12148713136312272,-0.08914518912828374,-0.07086717666917408,1
0.011147742592778207,0.009964362771177392,0.030336995676521792,1
0.23128206498798817,0.2213214513103701,0.2800838566506817,2
0.05947582116686814,0.09018932900229341,0.10997761015057222,2
0.10000692318738802,0.06104208513663935,0.07802477972087425,2
0.08940635961219795,0.08621213416719156,0.07395240781619972,1
0.1934310727605209,0.16993172423196812,0.24241906243060682,2
-0.04414077879294525,-0.02293061491149414,0.00965767095501314,0
-0.14592818229782814,-0.11762392048228956,-0.0636337870981717,0
-0.07372939380205151,-0.06235253319566854,0.021287484342666977,0
-0.07982242934805787,-0.06671043426735566,-0.018644781997086506,1
-0.24444928655053874,-0.2018496087583549,-0.1112165870392597,1
0.1460500758671679,0.14327763484034295,0.22203173696026268,2
0.17098630785590374,0.16554055809072707,0.19650062537221494,2
-0.1272098735075905,-0.061985785641749655,-0.08163413410695056,1
-0.11603013476044195,-0.12705018564967072,-0.10325831108104092,2
0.21143807502161907,0.2140814103498428,0.23528164532903692,2
-0.10200925533648943,-0.024883360457265656,-0.051581546011472065,1
-0.19109846408975908,-0.1623783625555707,-0.12167796447131632,0
0.13269671516142414,0.13395565905838475,0.12454721371713341,2
0.007113068782088995,0.028748876539988078,-0.021001237333633856,1
-0.13713864143293347,-0.11594244497514362,-0.166742790496823,0
-0.09200124471472323,-0.06801207403676701,-0.04480539856115897,1
0.03220716751908664,0.03284941333930179,0.10923102920891661,1
-0.3347369818808071,-0.3434933494560814,-0.3232248475668798,0
0.023146850327070465,0.0033360918129298573,0.0400207867749038,1
-0.22272197250201117,-0.22814233481737553,-0.17460676649781326,0
-0.03878503629641873,-0.11541841601304818,-0.15343431736499463,2
-0.2043370861197079,-0.2244366513388172,-0.11640644808437427,1
-0.17209064985470818,-0.18740462634254856,-0.14670473178589205,0
-0.22233692965937668,-0.18752629719686373,-0.17482011525014785,0
-0.14013349865578345,-0.16249100138840394,-0.15446868999815166,1
-0.09480307998162932,-0.16478963827001078,-0.18791438500040294,2
-0.19490182166766679,-0.16329561348734417,-0.09169976308207105,1
-0.1989174092818801,-0.1829045688993972,-0.15539886823886648,0
-0.19525997634739392,-0.2360409047260616,-0.167021367002408,1
-0.02504050649866989,-0.022100137650645377,-0.02254257525173136,1
0.05227975909946321,0.044430005652472404,-0.029794342524907976,1
0.036289256118137776,-0.003240771087230635,0.11484859505200237,2
-0.2691696205248421,-0.2665015370445753,-0.20710653380654637,1
-0.2670316551937982,-0.33746838177848787,-0.2544718244263259,0
-0.2916816080265375,-0.33718109313083566,-0.27681651074970226,0
-0.10856376200335953,-0.15838443002027752,-0.18431323962321944,0
0.2081510725614513,0.1722942647869829,0.14709254627422458,1
-0.018424555257730804,-0.10021121841543768,-0.17285949633888814,1
-0.05552485373113667,-0.0698805319342899,-0.10376156643994273,0
-0.228215721103096,-0.25354127146184036,-0.2225807274019773,0
-0.01605009223101505,-0.06006306753908383,0.07134895928475059,1
-0.032408081463990414,-0.037945749475544924,-5.867990275510105e-05,1
0.09561668053628848,0.031114595893653698,0.023219014347096948,2
-0.053090077935913915,-0.09793573604050111,-0.08015738834292506,0
0.11553588888763666,0.07037598665750769,0.07256390277161451,1
0.026145592831733466,-0.015453977702653167,-0.021446245617718566,2
-0.255483202596904,-0.25042597412885403,-0.19052608485188044,0
-0.04472558196264109,-0.03535645998785743,-0.057925493369694415,0
-0.3674525107368584,-0.381927017091595,-0.2908769144124874,0
0.021267660419583206,-0.0322036872502953,-0.12735530369579573,2
-0.2841520118243031,-0.3331782505201757,-0.23937496461667876,0
-0.21142828229242097,-0.19982120770934583,-0.17424589905122229,0
-0.1071773498568642,-0.10751951277862469,-0.07421799963908078,1
-0.06885690907776193,-0.11909260297442732,-0.03868111162882282,1
-0.08734125103343923,-0.06664494148065693,-0.05903288663853088,1
-0.05723508778635473,-0.06539652351518543,-0.05721209509243625,1
-0.4807003616413062,-0.4895852568076911,-0.40214719183138486,2
-0.035956485349076514,-0.04086017161880722,-0.07951665693495,1
-0.30751462575243593,-0.3195158259766762,-0.2558728580571698,1
-0.1119434164374047,-0.09714040128544611,-0.08128796182917176,0
-0.17627159644199691,-0.23567151611867448,-0.1750951950694326,0
0.08869278006041156,0.018222869271525756,0.02519767901919392,2
-0.2124590914933819,-0.2222975386632475,-0.14601297895668938,1
-0.12686964293417302,-0.12786254213734602,-0.06789228411146217,1
-0.2760130187442942,-0.3247354975510846,-0.29777942149603903,0
0.11440993524324723,0.12087494551490077,0.15543038818731109,2
0.07066482057337288,0.04853748355981828,0.0814029009405698,2
-0.10041708343616775,-0.0660638190446508,-0.14384962962989592,2
0.1329619546241723,0.1533610721027454,0.2117485269529242,2
-0.04495798517976956,-0.08988003594063483,-0.05900748828243197,2
-0.07963517926501922,-0.05427059179830047,-0.013377431969440244,0
-0.14863759948118785,-0.13276821171404718,-0.033639385279130636,1
0.06026943230573186,0.04037412077230136,0.05536390296099368,2
-0.05989919333066332,-0.0859775531710786,-0.11268994101089284,1
-0.13443687945215207,-0.14365226097585174,-0.08388278623294536,0
0.1851416322876461,0.14754665559574864,0.2017868296900669,2
-0.07731082831332711,-0.11913114576505292,-0.053871999473274874,0
-0.08512679638903975,-0.15589817050735374,-0.043878581713646655,1
-0.22983623547963014,-0.25239665176026066,-0.1850581273411351,0
-0.09440607024737067,-0.12506178311707616,-0.10590607584098286,2
-0.10159337037296962,-0.1649279105766686,-0.1104594641485112,2
-0.23455549547985263,-0.26135692087266343,-0.21072120726862661,1
0.21667691372607964,0.11216349929819622,0.1796922585472555,2
0.05485964390381792,0.011893714303913531,0.08238979560678386,1
-0.06095368695609747,-0.07873814329838182,0.014548377915464225,0
-0.13969181680013967,-0.20170608008788105,-0.1521308183656145,2
-0.3493997918616579,-0.44894416207321813,-0.2980076301073023,0
-0.10174556681823094,-0.13758910452321135,-0.11797248205933818,2
-0.03134851344339108,-0.16678888189804056,-0.1684571437893954,2
-0.1251569935652579,-0.12340463342858074,-0.0728395400234874,0
-0.00802798123134013,-0.006741564688758519,0.021895571586179264,1
-0.09887832742827415,-0.15756509733765053,-0.029520913949529524,0
0.12648481831969327,0.07577778766270903,0.1320580337553983,2
0.1515344660595111,0.13819872026044017,0.16540909006659116,2
0.19254743322637288,0.06497388054865669,0.08547040396401141,2
0.2161093662581737,0.10516663357412041,0.14087172231607276,2
-0.030958685633228206,-0.0782683297293307,-0.024679246338586244,2
-0.13348100507908778,-0.12940147093104576,-0.13457652156480132,1
-0.19386052132056844,-0.23424791764872335,-0.20651738269721245,0
0.11366460726883873,0.029082485451677798,-0.07581772671758613,2
-0.02156809470032311,-0.1560168057710435,-0.0775617820229932,2
0.20783727839782362,0.22520604528087146,0.2076588601362667,1
-0.11324582971361871,-0.1749112195907065,-0.1408903223916326,0
-0.008332829975049702,0.0006923076670136082,-0.08842618289466393,0
0.1999501050665679,0.1740385795371787,0.06097160153883763,1
-0.03728232101804614,0.02751631118808895,-0.07376295605906756,0
0.1234227890983506,0.09058453357362566,0.006944311869904846,1
-0.18138029521169236,-0.1568096128377051,-0.18353084743373851,0
-0.03849837844308947,-0.0612282565659713,-0.12343029169693545,1
-0.24025800461975544,-0.24992707989146057,-0.21458919016460634,1
0.04398169226662795,0.06061268702720913,-0.05112667925898081,1
0.08979611101197384,0.09190264808202013,0.05084641553992742,1
0.03146293743148295,0.04062016588995837,-0.0233037073836186,1
0.008725812967730744,0.0633138001489157,0.05135031306779601,2
0.02480688769673877,0.05731452706122158,0.04003907706548813,2
0.20603480395980062,0.14994677919972058,0.07021613770603477,2
-0.01862980268923054,0.010182547158366556,-0.028408920269961037,2
-0.17223900677120532,-0.16433870508687634,-0.18918748625750428,0
0.024964438087361502,9.492372988900487e-06,-0.04830611982490929,2
-0.09270464193015583,-0.061329146715356386,-0.09334269164075545,2
0.06396807010051718,0.04540674636129075,0.028728817177826108,1
-0.05581014244078736,-0.013802013059995847,-0.044422032262149524,0
-0.022652747505512758,-0.004145033470599067,-0.0965150200327579,1
-0.001768125037464568,0.040424974876574406,-0.04265927031974459,1
0.0734247823890935,0.0723509759755548,-0.0008293698517206568,1
0.24588101769020848,0.19225728907544395,0.07609815768234987,2
-0.11518635535696502,-0.1442955188189257,-0.0935295092495976,2
-0.12536532042853787,-0.1249587826992285,-0.14021810410410396,1
-0.15546094323546697,-0.09038637461173754,-0.09925185308275933,0
-0.16832663589189192,-0.12173290693649363,-0.17342813478756008,0
0.0037053584107826177,-0.014635325496510065,-0.09842468310932044,0
-0.185808784336546,-0.16989507160104692,-0.15357371613498838,0
0.028873998741733943,0.014470548221134092,-0.030769064821011126,2
-0.010448550937865533,0.003074276650375764,-0.03506716407267186,2
-0.02859649206463258,-0.018330510835204622,-0.09753980723345528,1
0.28613342624249466,0.31216957457927735,0.15320448746085058,1
0.22338382146895494,0.22904526652485757,0.19923790394294402,2
-0.05538962402594556,-0.03797432081148197,-0.04956571582434436,1
0.24485562570613678,0.19463318744962488,0.21760612446508149,2
-0.026504577037441922,0.03902817699725296,0.02275366499631205,1
-0.08743311355756195,-0.06412795250019832,-0.05541857863484302,1
0.28122830058498927,0.20037840358850895,0.19541979854556396,2
0.08733536984904207,0.1312307154347339,0.08127932589539277,2
0.2147413258710358,0.21347615049668975,0.16775866828238503,1
-0.08207084123436452,-0.07445518750584265,-0.10193157685619264,0
0.045889949430803524,0.05060016443405144,0.02080685767301646,0
-0.045808921254641144,0.0033809782805033104,-0.024880719140749127,1
0.04012715119097712,0.022342887892325632,0.006321432135631874,1
0.08496446316674149,0.12590671872056872,0.07400334895238739,0
0.2521229840692652,0.20133613824684507,0.2168731855217704,2
-0.16615551693257197,-0.1516910612892129,-0.19520308650979212,2
0.13077365730528348,0.13880443681561894,0.0786099431914241,2
0.19127567179054386,0.16688138947274417,0.1846103126411744,2
0.020737754106072596,0.027151053493429785,0.01995310522265468,2
0.03253699845246437,0.04563472266873954,0.06059859000563107,2
-0.2483229573393128,-0.2529086075802453,-0.23139136390626028,0
-0.1784752927834546,-0.1740071294002103,-0.1677429219502024,0
-0.07376289369983739,-0.09442343183171648,-0.10007293876413263,1
-0.2105214927405919,-0.21648883312450487,-0.21158509812718737,0
-0.11277321078320625,-0.08925603595389926,-0.04775554395127863,1
-0.022869874422608624,0.02696437773222088,-0.05208641664747316,2
-0.2190566740500157,-0.2623478571008564,-0.21911725015666006,1
-0.020180966159857847,-0.031459618012715886,-0.05359192238350478,2
0.18392609678281954,0.11454709391194236,0.15118060449492352,2
-0.16740655503279156,-0.18903163741579593,-0.16043461173847823,2
-0.22737224650251653,-0.2736585734130463,-0.2133112258165939,0
0.14816122152510264,0.09692828393708335,0.08904119257657861,1
-0.017860944881607662,-0.019932944569980102,-0.07364013854388538,0
-0.05587689707083679,-0.044701721185020554,-0.023393835636638736,1
0.2723191905100894,0.2096779637866988,0.20878073633634794,2
0.23729311638197872,0.15698812426868725,0.12193551820839722,2
0.16173373980056877,0.13582201908228078,0.16500675166659617,0
0.3472140977068327,0.2993292112031377,0.2985333682811301,2
0.08764833440087012,0.07037363068526223,0.0022824755104009437,1
-0.18345036767747047,-0.21658990299900852,-0.14926160452708775,0
0.018999945219481357,0.007915095969595722,0.04476880817822906,1
-0.05354103815575966,-0.09233778351748834,-0.09429874772076165,1
-0.11006286940689732,-0.09449873455885921,-0.1201447499294042,1
-0.13486945402831405,-0.13744704511750092,-0.0945897407921475,0
-0.24416583383339466,-0.2607482035277445,-0.18313941065090694,0
0.22959028124573258,0.22181057536613905,0.2632443423481125,2
0.09865106634327649,0.14585253230283649,0.10499063162829315,1
0.3119627592349591,0.2933983785847786,0.29002995166853407,2
0.027091723575885546,0.05840924944450499,-0.011826038823344704,1
0.038699365335864065,0.05057272608144886,0.049280517971584566,0
0.08702939134980545,0.06926221817888793,0.08364215236764341,1
-0.1270719888210009,-0.08013411139112077,-0.07789262698470406,0
0.12867015333833423,0.12330901380680662,0.12081837025153869,1
-0.03460470732869723,0.002687873365890322,0.015258122610969763,1
0.21909463621385475,0.22194615007980856,0.2820735228229944,2
0.12176071324865002,0.14580645021033564,0.12960374591986745,2
0.3311831286231939,0.26926400770713854,0.22774486237829006,2
0.11463944669996066,0.12280688375451763,0.1568119827054397,1
0.3322708407325496,0.28182388071701203,0.34448200487462877,2
0.08123931860870022,0.10331527988254798,0.13552948906209222,0
-0.07980738274510332,-0.04367535079101371,0.009408797019024551,0
0.0482869688037667,0.07404269180998052,0.14659373253761243,0
0.07116280318628823,0.07580406852834035,0.11647413683302008,1
-0.04431767797086172,-0.021708924216431745,-0.010515612149246905,1
0.21942470578991688,0.2254189809318358,0.2613627376124376,2
0.05742472671163997,0.08671633225015657,0.06266255424771137,2
-0.0902514347382005,-0.040452255380632234,-0.03066438270530305,1
0.19373945483234617,0.15034857782368327,0.17799429709915784,2
0.5192996383586937,0.510414743192309,0.5978528081686151,2
0.16858837435379842,0.23007827025358976,0.16893209482732707,1
-0.048306715584721896,-0.029656569570457394,0.01252085484141807,0
0.05701573144907733,0.0632437636061128,0.03179330494488839,2
-0.07010530934232817,-0.0704149417620339,-0.069274646626706,1
-0.010919211619152186,0.03456349803849956,-0.0235050516851767,0
0.016005481323757745,0.047270866733707936,-0.02105452321612514,1
0.0974026015026149,0.11185182924582222,0.18624373337998296,1
-0.19757917267301453,-0.19489585646826776,-0.1696738759289579,0
0.15271999240985434,0.13764561596931615,0.10942300833295121,1
-0.19989091917226784,-0.19286403511199995,-0.16180033253458775,0
0.18657227235026447,0.11655324289367029,0.06148589859615139,2
-0.09363647591816351,-0.1323951987613356,-0.05819029670387395,1
-0.3593618708020374,-0.4059480818175127,-0.252170313342726,0
-0.18645590269280568,-0.19612618989162406,-0.1713310176121582,0
-0.07444674364733668,-0.09197681176634936,-0.10407493453994082,1
-0.213813756801373,-0.27554135325726853,-0.22954877146423816,2
-0.1849308556401769,-0.1912858031521725,-0.15551467345154973,1
-0.1365207982255248,-0.1454409452336243,-0.10069992784530148,0
-0.18948093242063715,-0.21026430306098537,-0.1397566734650023,1
-0.02657905731671915,-0.022713413148746996,-0.02061919490263988,1
0.020617759420668506,0.011363839841923181,-0.07496099024711506,1
0.12076937364673582,0.08985334504938017,0.17511968389683222,2
-0.1601321964531949,-0.15620789600068496,-0.12706987857565732,1
-0.35683432506275437,-0.4131367592460168,-0.23733471664219175,0
-0.16651363536395694,-0.22052650169592206,-0.2049775649613126,0
-0.19329553229605997,-0.22707351630602618,-0.2029639509085314,0
0.11123193648659492,0.11299178324518284,0.07888017606588765,1
-0.010642487582052,-0.0512881855063493,-0.033346456458600106,1
-0.04559374420016516,-0.06371007500923818,-0.05362873992246105,0
-0.07952730969665042,-0.09469828931719386,-0.09663792239842596,0
-0.05327688027272144,-0.09718081722179144,0.04558308466377852,1
-0.04329422671743687,-0.05831030570830975,-0.0007654111811325994,1
0.10019155015775057,0.052090014159305725,0.10145875275387,2
-0.05328789529592681,-0.10487221975004643,-0.0739202273256516,0
0.11572313319330478,0.1028218300290948,0.06795328882431874,1
0.079040294389675,0.05514829972895259,0.0354066254759914,2
-0.21282075592582486,-0.2144396724417864,-0.13804494385635463,0
-0.2076919107189419,-0.22292492406101183,-0.23511586296016138,0
-0.34466517076450987,-0.3516585904425972,-0.2752003625410557,0
0.11119336172772702,0.06356510353728657,-0.004207597412904557,2
-0.18805690530428149,-0.20966947822937873,-0.21816026239159328,0
-0.14339672723541524,-0.12725874868860956,-0.16223358635390783,0
-0.1216021008541963,-0.1104832545454915,-0.08277158760911169,1
0.06886320137258414,-0.021817384940816194,0.023939420695464987,1
-0.04283399027660731,-0.04758236158476717,-0.08722984727526889,1
0.23489658659459298,0.2408838277876975,0.21133757010422335,1
-0.1159563999483551,-0.0701055559825477,-0.025565883474473392,2
-0.03988708373984593,-0.04876238408369179,-0.10220849677295882,1
-0.0934998560098458,-0.10649443068477905,-0.1518869277810683,1
-0.23362868370430673,-0.24998851985289675,-0.21398858156720876,0
-0.34444229610900917,-0.40907416179951633,-0.26534487848863375,0
0.10716915054905508,0.026465875553017264,-0.05618702995628869,2
-0.21049070597064554,-0.22142990273354923,-0.1402555860824957,1
-0.1873461947761608,-0.18904469747286884,-0.11778510824553881,1
-0.24503576217587625,-0.3348493456383975,-0.2515194909626504,0
0.24812588497320798,0.19013486699968968,0.24046672000500527,2
0.19011254169736877,0.1432134677290025,0.17984786353736687,2
-0.07327140848577013,-0.035681752441468866,-0.10221880488212967,2
0.35209268566419355,0.29917177390606486,0.44981822640932023,2
0.4628962367777773,0.40532921077122525,0.4698200037428303,2
-0.017582651356521584,0.017845726836259523,0.019897043771641705,0
-0.12048521264994265,-0.10733870120490903,-0.01777039528930325,1
-0.032653542470792815,-0.04829201608410225,-0.06444947297033672,2
-0.11039627066220013,-0.15598191573851994,-0.11588318159576688,1
-0.29404409176823704,-0.3453834812494691,-0.23468415860870537,0
0.17733696661274068,0.06962100862962102,0.14478319832401995,2
-0.18661385796529625,-0.1851726440251318,-0.13047283949674288,0
-0.1531653005980111,-0.1868256525989959,-0.05993501455572667,1
-0.11914255747067277,-0.10728273957019416,-0.04398104190468637,0
0.01949225268385962,-0.005011975956908357,-0.0023126499939854447,2
0.1225545101952111,0.09612492600483341,0.1516446475713632,2
-0.08116267247504984,-0.08209218414196197,-0.10500638531524065,1
0.23727064520535798,0.18067002929407705,0.22588485732485744,2
0.05025099101385412,0.021862252392162353,0.09898178979516035,1
-0.08162173378003716,-0.1875044113493071,-0.0801713921250345,0
-0.0461414507792483,-0.11865967472042445,-0.04791879617495326,2
-0.17565262208131024,-0.22081445527884097,-0.12094197503054657,0
0.24680887461075535,0.14258821309885208,0.1610967221255951,2
-0.16570550504017584,-0.2585355509567136,-0.15460390047243777,2
-0.08568812088320694,-0.08226389590397853,-0.029384116481639477,0
0.11321598222496694,0.13711918441132365,0.16612815127864605,1
-0.013460108675815378,-0.03653671055176028,0.011263151943180033,0
-0.03557956334646406,-0.06612300285994172,-0.020993312721382145,2
0.19050027968344682,0.14332743252322866,0.227749672020076,2
-0.006109871600042545,-0.10104014527302128,-0.047476033644938485,2
0.15704976061925002,-0.01373123092014893,0.09319742382002166,2
0.20276574582673992,0.16283653408951207,0.23904001665240057,2
-0.01706840861324899,-0.03219449991198676,-0.030404171653134478,1
-0.04949627547166565,-0.16539924432465472,-0.08122931199292702,0
0.26217701433754653,0.21627623352168562,0.173427956955112,2
0.24726290606224222,0.05338476058847516,-0.05536855971876672,2
0.04525472919681975,0.004767813572211022,-0.013597695702325175,1
-0.2642953055854167,-0.25581562666948093,-0.23183941912452857,0
-0.135058666180998,-0.09137553132289317,-0.10285123742262556,0
-0.06920793830253288,-0.06459204680598975,-0.05771334666591131,1
-0.2644480980316967,-0.21214398429160966,-0.21020285798816943,0
0.0014908692885256397,0.03200911974990144,0.004396668567725588,1
-0.16184143409832963,-0.10817969662804873,-0.22169402278656974,0
0.15763925557307554,0.19257125693968039,0.16354730749569438,1
-0.005285970731481469,0.04525822571838235,-0.03595940468120404,1
0.06597931747075012,0.13539058917323296,0.02660737730996649,1
0.07054436192782611,0.1239471857627287,0.11220974404718204,1
0.13560864596172956,0.18844430007119503,0.12264382155916459,1
0.02257986913467908,0.00525537873901947,-0.0375622084249688,2
0.04779759149136364,0.07203814843620952,0.05143697748345733,2
-0.21962647478568803,-0.17098670461918675,-0.22495267040196773,2
-0.21514572934262088,-0.2550666256220929,-0.2056637470554593,2
-0.38788859230564393,-0.3619201240469222,-0.31217977473357406,0
-0.1998827268605789,-0.22763144333240404,-0.20041194649180696,2
-0.1334283610247519,-0.14242538504426158,-0.1489084961118132,2
-0.2970591094057844,-0.2716470374450023,-0.22969235986616762,1
-0.3155410954987732,-0.33253139312144886,-0.2588609063375407,0
-0.22947977645821097,-0.20729193544187052,-0.27217913204169675,1
-0.1297844425717773,-0.10470281285541397,-0.20312186089215956,1
-0.18836309300024842,-0.1291861818821479,-0.16765636098086842,1
0.0668293705397347,0.08576628048310125,-0.05176066638954855,2
0.24341266959369887,0.2387213894613791,0.10096903138153908,2
-0.006747377436432125,0.06801152680984626,-0.004599644851989628,1
-0.14670071786783503,-0.07875676653912861,-0.10649539486965129,0
-0.14133607719537372,-0.060712578004735146,-0.1682636747710007,0
-0.2372633833372712,-0.17928009590808974,-0.26293008933379336,0
-0.20061061602781866,-0.10200410137615548,-0.1847661148390417,0
-0.14693193271707858,-0.08399807873403504,-0.15758408672057425,2
-0.1540507992341485,-0.12731287541090577,-0.11870826026471172,2
-0.16269511982893312,-0.10133068480006176,-0.21334512826254162,1
-0.08665737387638736,-0.004286218277628546,-0.09843790475256707,1
-0.023901995273091094,0.03683006156633936,-0.07734527943822506,2
0.040712694050492666,0.06450738660265996,-0.014163610918077028,1
0.33779696571918083,0.25902833421144306,0.2815621857336837,2
0.03369330556399592,0.0913057547430129,0.005450774840547319,1
0.15777737014311002,0.20147846909945893,0.10434636834667727,1
0.0963344323747561,0.0873589701607522,0.027698845746058087,2
-0.16522838097198161,-0.09918947310672653,-0.1385394175240146,2
-0.13804522859042034,-0.06549152401999135,-0.1476802041513831,1
-0.18051763098106424,-0.116689942052228,-0.21560909478773252,0
-0.2787879515912329,-0.2483836444308191,-0.26007123449245856,0
0.05394524667294397,0.09546046078844402,0.02156063197608194,1
0.1656481226026457,0.21348728010576376,0.15650417220092097,1
-0.30512387594491097,-0.26857692233943975,-0.25137726150472484,0
0.08790214780844074,0.0419210906680356,0.0028131585105152165,2
0.023334225928147434,0.09555903119664193,0.01838736042972751,2
-0.19379046240719747,-0.1720993301032586,-0.24373358876670156,2
-0.10419709372713912,-0.09211739637729283,-0.1456285171733215,2
-0.1606952787589971,-0.0948301623608327,-0.179434032576075,2
0.023505217185396683,0.08133270302764538,-0.02508986801673235,2
-0.33231817986335693,-0.26036538349493576,-0.32749377673585217,0
-0.19049484467589353,-0.1440399756339618,-0.23223598524172528,0
-0.3625949410405643,-0.38344415328504117,-0.3702344584230615,1
-0.29060157609291104,-0.24700412056669832,-0.2889965699626397,0
-0.20624537431395534,-0.13008925397990284,-0.22184864164032436,1
-0.13435580113595594,-0.07919633537406857,-0.16714758031866686,2
-0.13236114320621145,-0.07328247119053591,-0.1917107754658649,1
-0.28275724159285237,-0.25478865340973117,-0.28485047211654013,2
0.07989329801779928,0.041356351439917685,0.04161640150000006,2
-0.22106847343870317,-0.16433665278810716,-0.2216425172053513,2
-0.13362673431692207,-0.15099254774499374,-0.28979510222894606,0
-0.23549964803363163,-0.19469221608602807,-0.18418809306241424,1
-0.4479729647612168,-0.4359588073406388,-0.3619162615131741,0
-0.12095924079289504,-0.03465631480652629,-0.10010814971147244,1
-0.15102825125977729,-0.16360932716210239,-0.11997858673275776,2
0.0006769499460940662,-0.03750637705107935,-0.11366942317428441,2
-0.018973893478126877,-0.00170829647520676,-0.0273082097006859,0
0.0019834158615052787,-0.036492315396407904,-0.019236182201060638,2
-0.030548975374446535,0.049426158960479596,-0.04805463590133418,1
-0.21399317295607462,-0.1497987458117969,-0.2309591084720548,0
0.08518228280922402,0.1578778074648416,0.13402228542552233,1
-0.18915388478219808,-0.11716431100945982,-0.24209682211266634,1
0.012324563843188915,0.08239780556723039,-0.029340560678302388,1
0.06660374212843265,0.1251077390256928,0.11825490868080761,0
0.03375423967940615,0.0955926927102509,-0.029529218718682953,0
0.3750768285088924,0.3605725848232262,0.3692194838108499,2
-0.10289286617015052,-0.06384330242704724,-0.10194454405933367,1
-0.05366264659126422,-0.014779016920712077,0.0792088154717247,2
-0.0001900014663460474,0.05911487600359392,-0.03487845213775686,1
-0.21848992507065407,-0.16513473910135867,-0.16700147802622364,0
-0.07250495061658323,-0.02510453562298166,-0.13432266873146412,1
-0.328579765430226,-0.2834920325810566,-0.2872057667162557,0
-0.16061035625486686,-0.08463628167704675,-0.1707085984311791,1
0.05800726850661372,0.12933808980038897,0.07503742794941379,1
-0.1409921333566972,-0.1339698310701652,-0.10186222650511743,2
-0.007556614872174436,0.06324107774054596,-0.010794575047464937,2
0.10143168812989534,0.19336572586778428,0.1198786057988979,2
0.10232610124906254,0.17214171105520423,0.067023647301901,1
-0.09625522332490506,-0.07332634404657785,-0.08233084211545265,2
0.08573059992593603,0.14334138529451176,0.05128324499435944,0
0.03607847331319906,0.12736421506411233,0.03785312042909332,0
-0.2794548751470737,-0.20446418304360217,-0.23076734770996638,0
-0.005820677760514913,0.08196692484475206,-0.0347918868256815,1
-0.16183623474422673,-0.08482988853507424,-0.15467108891775794,1
0.005238787310133489,0.04760382443979524,0.013930943422155695,2
-0.0908342238419146,-0.03164771412675944,-0.12820229137991898,2
-0.02051009793819446,0.04701994949214376,-0.04803203905885316,1
-0.21671595739117563,-0.23265750328154042,-0.16009081449484047,2
0.06896924007353317,0.07187447939709038,0.10377389815250262,2
-0.20489631026006616,-0.13789698108842516,-0.19465864169621144,1
-0.02092141654243943,0.04026183118780217,-0.033755595034878974,0
0.2588888480167277,0.343529208912858,0.35858396155749517,2
0.0025113711010116575,0.08862046696624004,-0.012478137746689601,1
-0.3970576609537151,-0.38183803961887003,-0.3213660156103892,0
0.026950901841749055,0.09267810237860158,0.04500135385193117,1
0.05565940337651806,0.14030954458370798,0.0802420263658788,1
-0.06392825899167909,-0.022666471426712825,-0.057301021296904994,0
0.06981774303667883,0.04537227536956109,0.1283916105164096,1
0.05034819863091561,0.11726851263498947,0.09745987050094698,0
0.30220265083867714,0.27922974456250316,0.27613388391043364,2
-0.2688466204936968,-0.26805772745864004,-0.2709823362030647,1
-0.21518828424400188,-0.2062224008903931,-0.2553660719381505,0
-0.21954229914649911,-0.15128270655988624,-0.17823095936041325,0
0.031942765309176675,0.07605588963946693,0.06064852674367757,1
0.013415072106792356,-0.038705147597212726,-0.20128042039013405,2
-0.09634847866128975,-0.020355249782312568,-0.16125642043061983,1
-0.10744467728002928,-0.04471952264815578,-0.11221081704112203,0
-0.09322719933491999,-0.10674648672571589,-0.07999729674417706,1
-0.013310600757976227,-0.026732045350006534,-0.07155364371396856,1
-0.08882123804219362,-0.027049324542291666,-0.06661523118238385,1
0.12683835837114496,0.15470637897392495,0.16542845824786356,2
-0.21259655909107852,-0.21120235500615075,-0.17739742092372734,1
-0.09714978712162807,-0.06087578748148175,-0.12093135190559506,0
-0.25908136818743427,-0.31147194492478747,-0.2232148276665263,0
-0.0350793858917733,0.011321898578018906,-0.10130160865441756,0
0.1645492977206992,0.15700604720121292,0.03140383954395161,1
0.018643191831705458,0.08751051132979332,0.008141896973949722,1
-0.04877513641665157,-0.019548318800289188,-0.019032669423959193,0
-0.16596740639402868,-0.10759399334677613,-0.17509386941977959,0
0.07101028646968528,0.04820991951418938,0.24234096546427797,1
0.05466262931878558,0.028634415952330943,0.029990991763486758,1
-0.07253968128070047,-0.08566778162616513,-0.06225708027982219,2
0.0778554493031604,0.08951326317307087,0.11672814066013555,0
-0.09716942552292542,-0.07545335154415346,-0.04864888349609185,1
0.07404759059435698,0.05420991817650061,0.011231219542898886,2
-0.3494438514885627,-0.36961916894487934,-0.3723856599886121,0
0.04288969772781355,0.0492175014347542,0.034239148486779024,0
-0.3406054678929028,-0.34534313405678996,-0.242709555198667,0
-0.11379493134136519,-0.1776658806912236,-0.21074584631309312,2
-0.2603109577056514,-0.2186878666313696,-0.23989613367253818,0
-0.09915356658791441,-0.10545026645522819,-0.1480271913056139,0
0.13522903794764685,0.08223022929449648,0.10026361806950289,1
0.23640624990673031,0.23975974394536909,0.2744494615711148,1
-0.1450557435013995,-0.1685503684537143,-0.1232606201219927,1
-0.08692103779422852,-0.07072419186574094,0.0034684369886851733,1
-0.11942445458415722,-0.070221854438315,-0.024519417976779024,2
-0.1370575523074631,-0.08973609232919724,-0.10737696580795227,1
-0.22635439771457777,-0.2479118120290555,-0.24690154925166577,1
-0.259847363401046,-0.26451266570115395,-0.19201556442453432,0
-0.22125460839600847,-0.18933222209912526,-0.21924617122786325,0
-0.01956545701022239,-0.08324862327289877,-0.10275637580417481,2
-0.07270181228765814,-0.05938189951873322,-0.08819569723932219,1
-0.04737549688669649,-0.012390531114080712,-0.018481259521273403,1
-0.04890506510465168,0.03207871675275885,-0.014250792676727669,0
0.17937787099739305,0.15829797618886665,0.1941103990968378,2
-0.12448096282311873,-0.14600942140938247,-0.030283021527948515,2
-0.2778844201037595,-0.21325056223996378,-0.1620770495673835,2
-0.03771345283564449,-0.10580911401755076,-0.024570391405146372,2
-0.03435604500622892,-0.08577320084854112,-0.009082302150731832,2
-0.3791409753973369,-0.37600924338617014,-0.33701528994356794,0
-0.11497016362845956,-0.12676469301372184,-0.15315834728372116,1
-0.026339437418087135,0.00888637246273665,-0.04687245984597763,2
-0.10002066047777124,-0.033335064118646854,-0.07837458631920524,1
-0.1365292618872711,-0.06361937875417134,-0.12522070877339114,0
0.23596429595556204,0.18817799225739826,0.13090655052603162,2
-0.26907215861028544,-0.2376445980621861,-0.2528529304915857,0
0.00022891475313663185,0.019379999652919058,-0.0454194996107033,1
-0.06429385371351672,-0.05319656392816614,0.012897745110816459,0
-0.18508222685325842,-0.19734714795654756,-0.13936906664603596,2
-0.20157939015151263,-0.22503253392663963,-0.15987734314357538,2
0.012332636600577164,0.02178067339690946,0.0579744848349394,1
0.0532417619583,0.015197715097896178,0.0790019313910622,2
-0.11310973116641719,-0.1156629100600257,-0.04351168130842054,1
-0.18776630374314823,-0.2357944954862676,-0.13638870078656895,0
0.044913697898456256,0.06203432511086571,0.032188730368675145,2
-0.23046040910123633,-0.2349491919995933,-0.10471521786608437,0
0.19610293712734725,0.2219399841257366,0.20163893718599224,2
0.3181193444611967,0.2885789394038157,0.3284187587166882,2
0.029392966721976322,0.002407135102908711,0.0365757146244374,0
-0.0011920038582184222,-0.024882205353916654,0.03855795315000888,1
-0.003658104277965433,0.024157487082039665,0.017431492089773074,0
0.2534208936986317,0.2682363242232992,0.2895677829860977,2
-0.12661177819197275,-0.13164796226183703,-0.07833305479012628,2
0.20920289881209475,0.22118884849693904,0.1427466032631715,2
0.35926695474375403,0.28742601468554474,0.28355833305781547,2
-0.08793771414864361,-0.19806771906447115,-0.10467237393828127,2
0.08623843864012606,0.12620126006335533,0.10432788953657486,1
0.12301372953924275,0.08471325242045548,0.17207796790678315,0
-0.023287063021877608,-0.015682859786562198,-0.17376348562186308,2
0.3648660376724765,0.19189706940480156,0.02120293272637693,2
0.2499792440698141,0.2726575373533484,0.26770982989490616,1
-0.1014363555073398,-0.11957968598212428,-0.028820405596885718,0
0.020166581803953317,0.0438492494361909,-0.01190666760791468,0
0.1871819079639067,0.19588881100985472,0.13045699695062504,1
-0.15029840225929395,-0.08661258236871847,-0.14622713534757356,0
0.10526818209715026,0.09112233405636735,0.06741091505298048,1
-0.17243630845428937,-0.14917127860811633,-0.17669981519262953,0
0.15813523492928352,0.15127868153273766,0.17092450383057245,1
-0.021391546357903087,-0.011355873151497444,-0.056170564619266956,1
-0.017385717747862812,-0.01593701589405835,-0.020307694960913888,1
0.18023138899787863,0.22929243766567195,0.2444854455796516,1
0.18036610423752486,0.25143831362151836,0.22812329465494546,1
0.21136112510272337,0.2412193121333844,0.22912612050098788,2
0.16672629235923053,0.18001337187077499,0.21593295205305746,2
0.2719475033644549,0.2739093776283212,0.20466670774256002,2
0.06608998813208687,0.0854021259288257,0.08410187586396214,2
-0.061401511834123824,-0.03758388052898576,-0.0605177044453113,0
-0.0767154306571046,-0.10438898352730352,-0.15496467282412718,2
0.005236032436131434,0.06785855642089583,0.08975261045240225,2
-0.17056749451825853,-0.18642014257982373,-0.17137064045071193,1
0.06610519939010703,0.11021914524693202,0.16379850580050764,0
-0.1603550340217029,-0.13028152219566694,-0.10604847422041405,1
-0.10831770145456916,-0.06664903263456554,-0.09737999011823475,1
0.10918322491724086,0.13269262338636345,0.14633330679812495,1
0.1375311640996245,0.14591278169262428,0.05782783825223958,2
0.22875053109241986,0.21831540425280685,0.12086827981961334,2
0.14719702438359103,0.1772976614463251,0.16119525881680077,1
-0.02087634904389325,0.05730977507187656,0.05952409033050751,0
-0.025479539895752832,0.05604653250144274,0.006176994003966819,0
-0.02606991878729943,0.036561659978746025,-0.05178735932799647,0
-0.20361609699678251,-0.12391301953586331,-0.10156610766264146,0
-0.03457859389256752,0.023514056855403576,0.012935492775900517,2
-0.0814735674235905,-0.055720991812330284,-0.04898890845637849,2
-0.14004866262584728,-0.07456314471386023,-0.2091519404010649,1
0.020279565556798485,0.0623292220900941,-0.05808274102958167,1
0.11425257587859194,0.12232004606922398,0.0657080676867413,2
0.11963556026220766,0.13397446965184145,0.08963676325988536,1
0.07142809035893653,0.1334643058390747,0.026570627250530617,2
-0.04906467820299024,0.003800936292320155,-0.04368940978219947,1
-0.017914248767590416,0.04335322050344835,0.013817775812440187,1
0.25475537781202745,0.20223887987920927,0.22620247151242953,2
0.1995286123261084,0.2204633101109076,0.23508586686303162,2
0.23313001851562978,0.22853469749630592,0.19557077127817293,1
0.08818443973998594,0.12835844011895986,0.06949422509451213,0
-0.06165424123921608,-0.024058658617817082,-0.054282501893060706,0
0.14585640460930108,0.18439488529529674,0.1501040763141528,1
0.19532851226392967,0.2531564952906631,0.30742614495534565,1
0.16125619966849886,0.20447668548116116,0.2043561527368236,0
0.08344821504972791,0.06673419893873135,0.03436532438865042,2
-0.06126171726059222,-0.009722816354085109,-0.0433488722670743,2
0.02101389798333178,0.033199537892932736,-0.008609667461501061,2
0.39031773748662896,0.38282056562236316,0.3893090395288689,2
0.1170489331730327,0.17880551610071097,0.13404578388793115,2
0.1589263737262103,0.1710879907886531,0.16023005647797905,2
-0.1970567486136941,-0.12427627088799052,-0.21253972344092795,0
-0.19248390917894162,-0.20305461638584849,-0.24587376678427228,0
-0.07985000650901602,-0.09081937513716762,-0.1309926944835931,1
-0.1829696976082183,-0.142491212682216,-0.1934418892905224,0
-0.1416433531802552,-0.08215792596951482,-0.1708906528321626,1
-0.05672184387593395,-0.01827212410319854,-0.13419725581585248,2
-0.32665520107807683,-0.31844338569431446,-0.30157854632965553,1
-0.015634534248041725,-0.0119100596071292,-0.09230848213878215,2
0.11113491682044895,0.06492706144015188,0.08049260610842215,2
-0.16742910355163335,-0.150301758185703,-0.15846114555055185,2
-0.33613118304124134,-0.3282650458367741,-0.34554059174581564,0
-0.0025631776303243576,-0.016748174945253116,-0.03422035900639247,1
-0.27551959783148366,-0.25917454278334956,-0.24721791384323563,0
-0.10211459301872934,-0.03471376105653194,-0.06877494474379968,1
0.18492880606395504,0.1574767067654779,0.19110813780330335,2
0.0327671135512354,0.02028143506028276,0.015975294062397883,2
0.027613932661105026,0.04243861796669953,0.03023511106574713,0
0.24742392790720388,0.21889493910104044,0.25058856498819193,2
-0.12513105755031947,-0.09357561839079853,-0.07074900789164118,1
-0.11183410560140679,-0.05547147013392906,-0.07868909789642187,0
0.22161732514120883,0.2385826473904455,0.2897552446568964,1
-0.09039734018584189,-0.05879737689324024,-0.1499128644105221,1
0.0616802826372133,0.11988897351377929,0.057081796033223345,1
-0.09429282688557643,-0.05918263575300435,-0.05620763125341636,0
-0.004951675754200755,0.03210301921191123,-0.035621952850878075,0
0.3469954614982265,0.354426210778044,0.41138672408874194,2
0.02190664684699628,0.045980604374740996,0.007965326787251169,1
0.21834187742249242,0.2365628230910659,0.2284277014523709,2
0.10036722360123937,0.15219213230320858,0.10577501813825164,1
-0.0938056131985103,-0.06405299539828405,-0.04210910444544381,0
-0.03989600968443361,-0.01288951573843046,-0.08802769906740215,1
-0.20524472438593322,-0.14170714673977508,-0.16232982261704282,0
0.011341757976936753,0.059565629461609766,0.010938698828708389,1
0.04177068475570036,0.09807989861655826,0.0972452016665766,1
0.03181835820347258,0.07212781267818102,0.05620200573025219,2
0.13404322105146607,0.15391983320622588,0.1399291827403196,2
0.28950644350259347,0.3129511423902408,0.3553731463435506,2
0.20146271111043934,0.23856122816078332,0.21881756625478962,1
0.12421667373048983,0.1343870565501698,0.20842360999445184,2
0.04264174611512798,0.1130227321966556,0.0705520783737029,0
0.08620755318896034,0.1641919008000936,0.09697873183321969,0
-0.17988934219420025,-0.1011159425541111,-0.08614191527826427,0
-0.02895555435066392,0.019368632635067568,-0.026938107915575354,1
-0.06507172925137521,-0.02102289694373411,-0.07797471448497795,1
0.3392681480149494,0.3398682625917745,0.36159554760765233,2
0.10079549599306203,0.14294208279978385,0.07629818858301272,2
0.06183619262728368,0.11036293296947347,0.06673823365105398,1
0.010949412910438692,0.036403827000377594,0.01683041670335019,2
0.187334807011995,0.19749949036145484,0.2069211481860906,2
0.07677860703727495,0.13500514982559095,0.05871918703985025,1
0.015425156734575108,0.06254723962372481,0.038226245096281204,0
0.18054711112602748,0.23341853166289783,0.19700907565201242,2
0.12670303417798745,0.18334213945352706,0.15366007700140547,1
-0.20472066728754884,-0.16417860213735352,-0.19865023582687996,0
0.18012559881705406,0.20853345230156986,0.21645471595313742,1
0.17730068202226504,0.22439786289715966,0.2557191547396309,1
-0.10590431218120515,-0.053988525190303685,-0.05002943965361438,0
0.14635861243706833,0.09305180190986997,0.1453344289494322,1
0.02866063792488403,0.057724589226848186,0.1441089333804121,0
0.46757244623412075,0.3728736755915139,0.4383422540792995,2
0.16583808944767653,0.14926206844927178,0.15856303617159792,1
-0.18127219734399655,-0.12119694403582747,-0.1512137220209548,0
-0.0161325057721327,0.030401109101787928,0.0292058800157131,0
0.11377514644839984,0.11405311584779547,0.1311365412202051,1
-0.023089452435826614,-0.06688625100828996,-0.14253693192474626,2
-0.041479674965462225,-0.015888356629165826,-0.08225889246661594,1
0.06890920536428828,0.08772849358581446,0.1085780117400876,0
0.07694682124287311,0.09928012965572494,-0.006503955778147099,1
0.11190728764220674,0.14357530826278422,0.02235551778718568,1
0.07264330177190213,0.06981778141473921,0.006001862934959543,1
0.26694300879413635,0.2577433234490475,0.4049035057930165,2
0.027525144630042218,0.04683702173858237,0.06858006733820542,1
0.04641838223522888,0.05487685663935078,0.08345640340724482,0
-0.21135888600619884,-0.18712888253096857,-0.133054659282988,0
0.007997952873711363,0.024595810426674358,0.0266357486622927,0
0.20677955736537199,0.1618965106980447,0.14346913532778283,1
0.224866620939052,0.23452565364919734,0.22919384065374987,1
0.001468867569868093,0.015901275533206777,0.06000376449220902,0
0.031751942760994765,0.07754955506724093,0.09646538115947599,0
0.05136144266801919,0.03979023724360984,0.18045363966298344,1
0.18496064962682732,0.16593165615762323,0.2373810710612307,1
0.3217181134142342,0.2627657452278503,0.33945052082487237,2
-0.09466953260952017,-0.0965855335905713,-0.1489293509582277,0
0.05093331862416737,0.07550374928518631,0.08961819503385092,1
0.12740968125763671,0.12000663101561648,0.06463627654602853,2
-0.16987434114022285,-0.1423249333860282,-0.12012498689272068,0
-0.2731173346559365,-0.23339357022245583,-0.1922296928659802,0
-0.32950004244038084,-0.3069235812788735,-0.2885793444223919,0
0.17321890605351686,0.14186123977221785,0.08254511876411307,2
-0.0905736015233937,-0.048830720245716566,-0.08937063494692196,0
0.09783756194651974,0.1199509944116335,0.09216909026987868,0
0.1542356185276809,0.15570354351174814,0.23536415140277123,1
-0.004310628296372901,0.004590107858305066,0.052735288131730174,1
0.1756018978771746,0.135152484378061,0.15369692371467586,1
0.09758347523204053,0.10936986826194389,0.16106091956325264,1
-0.19879973439718907,-0.16878230157412097,-0.1071215601661807,2
0.07111892880798036,0.0791114893435471,0.11293400563639741,1
-0.061741567688668605,-0.07874070874335187,-0.14010556407619817,1
-0.0801168349350805,-0.06648175336116567,-0.07204876522956474,0
-0.11377868630671874,-0.09770886354085018,-0.07359477616012243,0
0.22454436385914522,0.16678732983131828,0.051541277549273845,2
0.0224420358853255,0.008967074284996388,0.04065239842592117,1
0.024628398810038588,0.06754461906702446,0.08394527594065884,1
-0.16772560427419447,-0.13245851387073418,-0.16195549846240748,0
0.40616037919395553,0.3446544407076688,0.46094034537688633,2
0.004146900118594647,-0.03280350128933463,0.014242919172446744,2
-0.06528720756777948,-0.004578346441235378,-0.029323678772162593,2
0.40203489107919665,0.3699134932401011,0.4272092810420209,2
0.2802457440775124,0.24580143692831793,0.2803968714296928,2
-0.29201112996376494,-0.25087034110006606,-0.19768292213626726,0
0.09702293785804292,0.050451864991289126,0.02527961485757557,1
0.0709624723904595,0.05812962290294719,0.05473158110472753,2
0.016603005611507668,0.03813136295673426,0.033213852071813384,1
-0.19161540663564505,-0.22588285074300396,-0.18157334995138044,0
0.41908403695633795,0.3074936018085748,0.3728819102801624,2
-0.18204992322931657,-0.15084758975926557,-0.17235707200252812,0
0.013945246229391034,-0.007688460539936719,-0.01961122958916901,1
0.011951121308687692,0.031287765097667355,0.03806044980777868,0
-0.06051793473285299,-0.06873355759529322,-0.03884460003081866,2
0.010765493854356805,0.012538556588378578,0.010760442099410484,2
0.1926728124212933,0.1815706199457105,0.23584696414163536,1
0.2464392291133885,0.2082978207528588,0.25614108558451865,2
-0.008221927100683113,-0.01644570186102165,0.06888306174250211,1
0.04932882508302227,-0.05343831804902395,0.03619173945081196,0
0.07775076809796501,0.0019290929837685006,0.05349885899129915,2
-0.223861141975119,-0.2504955002904578,-0.1915336794733988,0
0.40592772540666766,0.3142561736727539,0.38503593364483263,2
0.2914461165178408,0.20681602195016266,0.3036998219500531,2
0.3315306728820331,0.279520046871456,0.3090308054994434,0
0.09879360339741806,0.11744132238876569,0.14127839855797303,1
0.0740985332130142,0.03287149426250439,0.05299083908831049,0
0.14779160556687324,0.1701479902799595,0.16870378967358177,2
0.1813955729952941,0.1905884541078526,0.2773012181459412,2
0.2640398874591701,0.18790389857983905,0.19178135725975518,2
0.495416780769589,0.3818967537226362,0.4588686490507567,2
0.3074315468744857,0.2550360691629408,0.37762105211353547,2
0.18955973491131917,0.17849185143322663,0.24098055539550153,1
0.1438015501107479,0.049114574718507005,0.1423446895610158,0
0.27553653278864976,0.19581080268075302,0.09324488508411309,2
0.4544770654452582,0.3125623326007179,0.1283940198470726,2
